image_path,status,error,error_type,traceback,brain_thr,brain_close,brain_open,brain_smooth,brain_scale,brain_area_px,brain_perim_px,brain_accepted,brain_outline_params_json,midline_xy,hemi_area_left_px,hemi_area_right_px,hemi_perim_left_px,hemi_perim_right_px,midline_crop_x0,midline_crop_y0,midline_crop_x1,midline_crop_y1,midline_pad,midline_params_json,hip_left_area_px,hip_left_perim_px,hip_right_area_px,hip_right_perim_px,roi_json,ui_t1,ui_t2,ui_small_to_gray,ui_small_N,ui_grid_on,ui_grid_step,ui_roi_x0,ui_roi_y0,ui_roi_x1,ui_roi_y1,ui_params_json,extra_json
"D:\data\input\TB_P28\Males\K10\TileScan 001_K10_1.tif,error,""AttributeError(""""'NoneType' object has no attribute 'items'"""")"",AttributeError,""for k, v in mp.items(): | AttributeError: 'NoneType' object has no attribute 'items'"",,,,,,,,,,,,,,,,,,,,,,,,,,,,,,,,,,,,,"
"D:\data\input\TB_P28\Males\K10\TileScan 001_K10_1.tif,ok,,,,162,19,13,15,0.3276897870016384,5043495,11327.985178112984,True,""{""""accepted"""": true, """"thr"""": 162, """"close"""": 19, """"open"""": 13, """"smooth"""": 15, """"scale"""": 0.3276897870016384, """"area_px"""": 5043495, """"perim_px"""": 11327.985178112984}"",,,,,,,,,,,,514988,3737.4326699972153,470944,3805.1311542987823,,0.33,0.66,True,900,True,200,960,500,2527,1070,""{""""t1"""": 0.33, """"t2"""": 0.66, """"x0"""": 960, """"y0"""": 500, """"x1"""": 2527, """"y1"""": 1070, """"small_to_gray"""": true, """"small_N"""": 900, """"grid_on"""": true, """"grid_step"""": 200}"",""{""""overlay_path"""": """"D:\\data\\output\\TileScan 001_K10_1__hippocampus_overlay.png"""", """"brain_outline_path"""": """"D:\\data\\output\\TileScan 001_K10_1__brain_outline.png"""", """"brain_outline_params"""": {""""accepted"""": true, """"thr"""": 162, """"close"""": 19, """"open"""": 13, """"smooth"""": 15, """"scale"""": 0.3276897870016384, """"area_px"""": 5043495, """"perim_px"""": 11327.985178112984}, """"brain_mask_params"""": {""""accepted"""": true, """"thr_base"""": 178, """"thr"""": 178, """"pad"""": 50, """"pad_extra"""": 0, """"pad_effective"""": 50, """"seed_r"""": 40, """"close_r"""": 7, """"open_r"""": 3, """"max_side"""": 700, """"scale"""": 0.19115237575095576, """"area_px"""": 5513290, """"perim_px"""": 11525.564700722694}, """"geometry"""": {""""orig_shape_hw"""": [4602, 7323], """"ds_shape_hw"""": [2301, 3662], """"sx"""": 1.9997269251774987, """"sy"""": 2.0, """"roi_ds"""": [960, 500, 2527, 1070], """"roi_orig"""": [1920, 1000, 5053, 2140], """"downsample_factor"""": 2.0}, """"midline_params_ds"""": {""""midline_pts"""": """"[[1745.0, 168.0], [1755.0, 341.0], [1733.0, 464.0], [1738.0, 666.0], [1768.0, 828.0], [1791.0, 1056.0], [1813.0, 1342.0], [1816.0, 1615.0], [1824.0, 1751.0], [1834.0, 1960.0], [1826.0, 2245.0]]"""", """"area_left_px"""": 2512540, """"area_right_px"""": 2518415, """"perimeter_left_px"""": 5767.155539512634, """"perimeter_right_px"""": 5601.658065676689, """"crop_x0"""": 247, """"crop_y0"""": 137, """"crop_x1"""": 3395, """"crop_y1"""": 2301, """"pad"""": 50}, """"midline_params_orig"""": {""""midline_pts"""": """"[[1745.0, 168.0], [1755.0, 341.0], [1733.0, 464.0], [1738.0, 666.0], [1768.0, 828.0], [1791.0, 1056.0], [1813.0, 1342.0], [1816.0, 1615.0], [1824.0, 1751.0], [1834.0, 1960.0], [1826.0, 2245.0]]"""", """"area_left_px"""": 2512540, """"area_right_px"""": 2518415, """"perimeter_left_px"""": 5767.155539512634, """"perimeter_right_px"""": 5601.658065676689, """"crop_x0"""": 247, """"crop_y0"""": 137, """"crop_x1"""": 3395, """"crop_y1"""": 2301, """"pad"""": 50, """"crop_x0_orig"""": 494, """"crop_y0_orig"""": 274, """"crop_x1_orig"""": 6789, """"crop_y1_orig"""": 4602}, """"roi_ds"""": [960, 500, 2527, 1070], """"roi_orig"""": [1920, 1000, 5053, 2140], """"params"""": {""""t1"""": 0.33, """"t2"""": 0.66, """"x0"""": 960, """"y0"""": 500, """"x1"""": 2527, """"y1"""": 1070, """"small_to_gray"""": true, """"small_N"""": 900, """"grid_on"""": true, """"grid_step"""": 200}}"""
"D:\data\input\TB_P28\Males\K10\TileScan 002_K10_2.tif,ok,,,,197,7,13,5,0.32777929527451516,5174697,12037.347656846046,True,""{""""accepted"""": true, """"thr"""": 197, """"close"""": 7, """"open"""": 13, """"smooth"""": 5, """"scale"""": 0.32777929527451516, """"area_px"""": 5174697, """"perim_px"""": 12037.347656846046}"",,,,,,,,,,,,636764,4190.184977054596,600504,4012.5281229019165,,0.33,0.66,True,900,True,200,1005,492,2660,997,""{""""t1"""": 0.33, """"t2"""": 0.66, """"x0"""": 1005, """"y0"""": 492, """"x1"""": 2660, """"y1"""": 997, """"small_to_gray"""": true, """"small_N"""": 900, """"grid_on"""": true, """"grid_step"""": 200}"",""{""""overlay_path"""": """"D:\\data\\output\\TileScan 002_K10_2__hippocampus_overlay.png"""", """"brain_outline_path"""": """"D:\\data\\output\\TileScan 002_K10_2__brain_outline.png"""", """"brain_outline_params"""": {""""accepted"""": true, """"thr"""": 197, """"close"""": 7, """"open"""": 13, """"smooth"""": 5, """"scale"""": 0.32777929527451516, """"area_px"""": 5174697, """"perim_px"""": 12037.347656846046}, """"brain_mask_params"""": {""""accepted"""": true, """"thr_base"""": 180, """"thr"""": 180, """"pad"""": 50, """"pad_extra"""": 0, """"pad_effective"""": 50, """"seed_r"""": 40, """"close_r"""": 7, """"open_r"""": 3, """"max_side"""": 700, """"scale"""": 0.19120458891013384, """"area_px"""": 5654248, """"perim_px"""": 11983.790096402168}, """"geometry"""": {""""orig_shape_hw"""": [4602, 7322], """"ds_shape_hw"""": [2301, 3661], """"sx"""": 2.0, """"sy"""": 2.0, """"roi_ds"""": [1005, 492, 2660, 997], """"roi_orig"""": [2010, 984, 5320, 1994], """"downsample_factor"""": 2.0}, """"midline_params_ds"""": {""""midline_pts"""": """"[[1757.0, 137.0], [1762.0, 318.0], [1757.0, 480.0], [1767.0, 636.0], [1790.0, 749.0], [1803.0, 894.0], [1803.0, 1002.0], [1816.0, 1349.0], [1818.0, 1660.0], [1818.0, 1826.0], [1816.0, 1916.0], [1808.0, 2055.0], [1808.0, 2173.0]]"""", """"area_left_px"""": 2572367, """"area_right_px"""": 2588975, """"perimeter_left_px"""": 6132.108857035637, """"perimeter_right_px"""": 5948.067226886749, """"crop_x0"""": 234, """"crop_y0"""": 82, """"crop_x1"""": 3397, """"crop_y1"""": 2301, """"pad"""": 50}, """"midline_params_orig"""": {""""midline_pts"""": """"[[1757.0, 137.0], [1762.0, 318.0], [1757.0, 480.0], [1767.0, 636.0], [1790.0, 749.0], [1803.0, 894.0], [1803.0, 1002.0], [1816.0, 1349.0], [1818.0, 1660.0], [1818.0, 1826.0], [1816.0, 1916.0], [1808.0, 2055.0], [1808.0, 2173.0]]"""", """"area_left_px"""": 2572367, """"area_right_px"""": 2588975, """"perimeter_left_px"""": 6132.108857035637, """"perimeter_right_px"""": 5948.067226886749, """"crop_x0"""": 234, """"crop_y0"""": 82, """"crop_x1"""": 3397, """"crop_y1"""": 2301, """"pad"""": 50, """"crop_x0_orig"""": 468, """"crop_y0_orig"""": 164, """"crop_x1_orig"""": 6794, """"crop_y1_orig"""": 4602}, """"roi_ds"""": [1005, 492, 2660, 997], """"roi_orig"""": [2010, 984, 5320, 1994], """"params"""": {""""t1"""": 0.33, """"t2"""": 0.66, """"x0"""": 1005, """"y0"""": 492, """"x1"""": 2660, """"y1"""": 997, """"small_to_gray"""": true, """"small_N"""": 900, """"grid_on"""": true, """"grid_step"""": 200}}"""
"D:\data\input\TB_P28\Males\K10\TileScan 003_K10_3.tif,error,""AttributeError(""""'NoneType' object has no attribute 'items'"""")"",AttributeError,""for k, v in mp.items(): | AttributeError: 'NoneType' object has no attribute 'items'"",,,,,,,,,,,,,,,,,,,,,,,,,,,,,,,,,,,,,"
"D:\data\input\TB_P28\Males\K10\TileScan 004_K10_5.tif,ok,,,,206,11,5,7,0.32777929527451516,5262073,11545.766922712326,True,""{""""accepted"""": true, """"thr"""": 206, """"close"""": 11, """"open"""": 5, """"smooth"""": 7, """"scale"""": 0.32777929527451516, """"area_px"""": 5262073, """"perim_px"""": 11545.766922712326}"",,,,,,,,,,,,864440,5450.750554203987,833368,5118.802289009094,,0.33,0.66,True,900,True,200,822,407,2860,1045,""{""""t1"""": 0.33, """"t2"""": 0.66, """"x0"""": 822, """"y0"""": 407, """"x1"""": 2860, """"y1"""": 1045, """"small_to_gray"""": true, """"small_N"""": 900, """"grid_on"""": true, """"grid_step"""": 200}"",""{""""overlay_path"""": """"D:\\data\\output\\TileScan 004_K10_5__hippocampus_overlay.png"""", """"brain_outline_path"""": """"D:\\data\\output\\TileScan 004_K10_5__brain_outline.png"""", """"brain_outline_params"""": {""""accepted"""": true, """"thr"""": 206, """"close"""": 11, """"open"""": 5, """"smooth"""": 7, """"scale"""": 0.32777929527451516, """"area_px"""": 5262073, """"perim_px"""": 11545.766922712326}, """"brain_mask_params"""": {""""accepted"""": true, """"thr_base"""": 183, """"thr"""": 183, """"pad"""": 50, """"pad_extra"""": 0, """"pad_effective"""": 50, """"seed_r"""": 40, """"close_r"""": 7, """"open_r"""": 3, """"max_side"""": 700, """"scale"""": 0.19120458891013384, """"area_px"""": 5727559, """"perim_px"""": 11980.559648394585}, """"geometry"""": {""""orig_shape_hw"""": [4600, 7322], """"ds_shape_hw"""": [2300, 3661], """"sx"""": 2.0, """"sy"""": 2.0, """"roi_ds"""": [822, 407, 2860, 1045], """"roi_orig"""": [1644, 814, 5720, 2090], """"downsample_factor"""": 2.0}, """"midline_params_ds"""": {""""midline_pts"""": """"[[1796.0, 47.0], [1829.0, 158.0], [1835.0, 470.0], [1842.0, 600.0], [1868.0, 716.0], [1881.0, 804.0], [1894.0, 1072.0], [1923.0, 1330.0], [1931.0, 1482.0], [1938.0, 1671.0], [1936.0, 1836.0], [1944.0, 1969.0], [1957.0, 2207.0]]"""", """"area_left_px"""": 2620750, """"area_right_px"""": 2628027, """"perimeter_left_px"""": 5841.883461356163, """"perimeter_right_px"""": 5819.782956123352, """"crop_x0"""": 280, """"crop_y0"""": 30, """"crop_x1"""": 3519, """"crop_y1"""": 2293, """"pad"""": 50}, """"midline_params_orig"""": {""""midline_pts"""": """"[[1796.0, 47.0], [1829.0, 158.0], [1835.0, 470.0], [1842.0, 600.0], [1868.0, 716.0], [1881.0, 804.0], [1894.0, 1072.0], [1923.0, 1330.0], [1931.0, 1482.0], [1938.0, 1671.0], [1936.0, 1836.0], [1944.0, 1969.0], [1957.0, 2207.0]]"""", """"area_left_px"""": 2620750, """"area_right_px"""": 2628027, """"perimeter_left_px"""": 5841.883461356163, """"perimeter_right_px"""": 5819.782956123352, """"crop_x0"""": 280, """"crop_y0"""": 30, """"crop_x1"""": 3519, """"crop_y1"""": 2293, """"pad"""": 50, """"crop_x0_orig"""": 560, """"crop_y0_orig"""": 60, """"crop_x1_orig"""": 7038, """"crop_y1_orig"""": 4586}, """"roi_ds"""": [822, 407, 2860, 1045], """"roi_orig"""": [1644, 814, 5720, 2090], """"params"""": {""""t1"""": 0.33, """"t2"""": 0.66, """"x0"""": 822, """"y0"""": 407, """"x1"""": 2860, """"y1"""": 1045, """"small_to_gray"""": true, """"small_N"""": 900, """"grid_on"""": true, """"grid_step"""": 200}}"""
"D:\data\input\TB_P28\Males\K10\TileScan 005_K10_4.tif,ok,,,,207,5,7,11,0.32777929527451516,5348306,12627.91619837284,True,""{""""accepted"""": true, """"thr"""": 207, """"close"""": 5, """"open"""": 7, """"smooth"""": 11, """"scale"""": 0.32777929527451516, """"area_px"""": 5348306, """"perim_px"""": 12627.91619837284}"",,,,,,,,,,,,652184,9023.98221373558,612844,8379.080631017685,,0.3024390243902439,0.6461038961038961,True,900,True,200,846,383,2807,948,""{""""t1"""": 0.3024390243902439, """"t2"""": 0.6461038961038961, """"x0"""": 846, """"y0"""": 383, """"x1"""": 2807, """"y1"""": 948, """"small_to_gray"""": true, """"small_N"""": 900, """"grid_on"""": true, """"grid_step"""": 200}"",""{""""overlay_path"""": """"D:\\data\\output\\TileScan 005_K10_4__hippocampus_overlay.png"""", """"brain_outline_path"""": """"D:\\data\\output\\TileScan 005_K10_4__brain_outline.png"""", """"brain_outline_params"""": {""""accepted"""": true, """"thr"""": 207, """"close"""": 5, """"open"""": 7, """"smooth"""": 11, """"scale"""": 0.32777929527451516, """"area_px"""": 5348306, """"perim_px"""": 12627.91619837284}, """"brain_mask_params"""": {""""accepted"""": true, """"thr_base"""": 188, """"thr"""": 188, """"pad"""": 50, """"pad_extra"""": 0, """"pad_effective"""": 50, """"seed_r"""": 40, """"close_r"""": 7, """"open_r"""": 3, """"max_side"""": 700, """"scale"""": 0.19120458891013384, """"area_px"""": 5855934, """"perim_px"""": 12043.446950554848}, """"geometry"""": {""""orig_shape_hw"""": [4600, 7322], """"ds_shape_hw"""": [2300, 3661], """"sx"""": 2.0, """"sy"""": 2.0, """"roi_ds"""": [846, 383, 2807, 948], """"roi_orig"""": [1692, 766, 5614, 1896], """"downsample_factor"""": 2.0}, """"midline_params_ds"""": {""""midline_pts"""": """"[[1783.0, 22.0], [1794.0, 232.0], [1796.0, 435.0], [1822.0, 579.0], [1841.0, 684.0], [1861.0, 971.0], [1885.0, 1379.0], [1937.0, 2265.0]]"""", """"area_left_px"""": 2660125, """"area_right_px"""": 2675050, """"perimeter_left_px"""": 6170.795148730278, """"perimeter_right_px"""": 6483.121049642563, """"crop_x0"""": 256, """"crop_y0"""": 0, """"crop_x1"""": 3498, """"crop_y1"""": 2300, """"pad"""": 50}, """"midline_params_orig"""": {""""midline_pts"""": """"[[1783.0, 22.0], [1794.0, 232.0], [1796.0, 435.0], [1822.0, 579.0], [1841.0, 684.0], [1861.0, 971.0], [1885.0, 1379.0], [1937.0, 2265.0]]"""", """"area_left_px"""": 2660125, """"area_right_px"""": 2675050, """"perimeter_left_px"""": 6170.795148730278, """"perimeter_right_px"""": 6483.121049642563, """"crop_x0"""": 256, """"crop_y0"""": 0, """"crop_x1"""": 3498, """"crop_y1"""": 2300, """"pad"""": 50, """"crop_x0_orig"""": 512, """"crop_y0_orig"""": 0, """"crop_x1_orig"""": 6996, """"crop_y1_orig"""": 4600}, """"roi_ds"""": [846, 383, 2807, 948], """"roi_orig"""": [1692, 766, 5614, 1896], """"params"""": {""""t1"""": 0.3024390243902439, """"t2"""": 0.6461038961038961, """"x0"""": 846, """"y0"""": 383, """"x1"""": 2807, """"y1"""": 948, """"small_to_gray"""": true, """"small_N"""": 900, """"grid_on"""": true, """"grid_step"""": 200}}"""
"D:\data\input\TB_P28\Males\K10\TileScan 003_K10_3.tif,error,""AttributeError(""""'NoneType' object has no attribute 'items'"""")"",AttributeError,""for k, v in mp.items(): | AttributeError: 'NoneType' object has no attribute 'items'"",,,,,,,,,,,,,,,,,,,,,,,,,,,,,,,,,,,,,"
"D:\data\input\TB_P28\Males\K11\TileScan 006_K11_1.tif,ok,,,,193,5,1,13,0.32777929527451516,5287467,13326.259344220161,True,""{""""accepted"""": true, """"thr"""": 193, """"close"""": 5, """"open"""": 1, """"smooth"""": 13, """"scale"""": 0.32777929527451516, """"area_px"""": 5287467, """"perim_px"""": 13326.259344220161}"",,,,,,,,,,,,394468,4025.9179512262344,613164,4095.859076142311,,0.3235772357723577,0.66,True,900,True,200,883,496,2656,1078,""{""""t1"""": 0.3235772357723577, """"t2"""": 0.66, """"x0"""": 883, """"y0"""": 496, """"x1"""": 2656, """"y1"""": 1078, """"small_to_gray"""": true, """"small_N"""": 900, """"grid_on"""": true, """"grid_step"""": 200}"",""{""""overlay_path"""": """"D:\\data\\output\\TileScan 006_K11_1__hippocampus_overlay.png"""", """"brain_outline_path"""": """"D:\\data\\output\\TileScan 006_K11_1__brain_outline.png"""", """"brain_outline_params"""": {""""accepted"""": true, """"thr"""": 193, """"close"""": 5, """"open"""": 1, """"smooth"""": 13, """"scale"""": 0.32777929527451516, """"area_px"""": 5287467, """"perim_px"""": 13326.259344220161}, """"brain_mask_params"""": {""""accepted"""": true, """"thr_base"""": 128, """"thr"""": 128, """"pad"""": 50, """"pad_extra"""": 0, """"pad_effective"""": 50, """"seed_r"""": 40, """"close_r"""": 7, """"open_r"""": 3, """"max_side"""": 700, """"scale"""": 0.19120458891013384, """"area_px"""": 5562178, """"perim_px"""": 11968.275377631187}, """"geometry"""": {""""orig_shape_hw"""": [4624, 7322], """"ds_shape_hw"""": [2312, 3661], """"sx"""": 2.0, """"sy"""": 2.0, """"roi_ds"""": [883, 496, 2656, 1078], """"roi_orig"""": [1766, 992, 5312, 2156], """"downsample_factor"""": 2.0}, """"midline_params_ds"""": {""""midline_pts"""": """"[[1745.0, 165.0], [1748.0, 414.0], [1751.0, 568.0], [1753.0, 675.0], [1761.0, 734.0], [1776.0, 881.0], [1815.0, 1280.0], [1818.0, 1446.0], [1838.0, 1660.0], [1851.0, 1937.0], [1846.0, 1949.0], [1843.0, 2200.0]]"""", """"area_left_px"""": 2582785, """"area_right_px"""": 2651318, """"perimeter_left_px"""": 7572.7850440740585, """"perimeter_right_px"""": 6137.113909363747, """"crop_x0"""": 237, """"crop_y0"""": 127, """"crop_x1"""": 3455, """"crop_y1"""": 2312, """"pad"""": 50}, """"midline_params_orig"""": {""""midline_pts"""": """"[[1745.0, 165.0], [1748.0, 414.0], [1751.0, 568.0], [1753.0, 675.0], [1761.0, 734.0], [1776.0, 881.0], [1815.0, 1280.0], [1818.0, 1446.0], [1838.0, 1660.0], [1851.0, 1937.0], [1846.0, 1949.0], [1843.0, 2200.0]]"""", """"area_left_px"""": 2582785, """"area_right_px"""": 2651318, """"perimeter_left_px"""": 7572.7850440740585, """"perimeter_right_px"""": 6137.113909363747, """"crop_x0"""": 237, """"crop_y0"""": 127, """"crop_x1"""": 3455, """"crop_y1"""": 2312, """"pad"""": 50, """"crop_x0_orig"""": 474, """"crop_y0_orig"""": 254, """"crop_x1_orig"""": 6910, """"crop_y1_orig"""": 4624}, """"roi_ds"""": [883, 496, 2656, 1078], """"roi_orig"""": [1766, 992, 5312, 2156], """"params"""": {""""t1"""": 0.3235772357723577, """"t2"""": 0.66, """"x0"""": 883, """"y0"""": 496, """"x1"""": 2656, """"y1"""": 1078, """"small_to_gray"""": true, """"small_N"""": 900, """"grid_on"""": true, """"grid_step"""": 200}}"""
"D:\data\input\TB_P28\Males\K11\TileScan 007_K11_2.tif,ok,,,,227,13,15,15,0.3283173734610123,5504014,12982.300974369049,True,""{""""accepted"""": true, """"thr"""": 227, """"close"""": 13, """"open"""": 15, """"smooth"""": 15, """"scale"""": 0.3283173734610123, """"area_px"""": 5504014, """"perim_px"""": 12982.300974369049}"",,,,,,,,,,,,715052,4424.41037273407,730512,4493.58194565773,,0.3235772357723577,0.66,True,900,True,200,882,617,2718,1239,""{""""t1"""": 0.3235772357723577, """"t2"""": 0.66, """"x0"""": 882, """"y0"""": 617, """"x1"""": 2718, """"y1"""": 1239, """"small_to_gray"""": true, """"small_N"""": 900, """"grid_on"""": true, """"grid_step"""": 200}"",""{""""overlay_path"""": """"D:\\data\\output\\TileScan 007_K11_2__hippocampus_overlay.png"""", """"brain_outline_path"""": """"D:\\data\\output\\TileScan 007_K11_2__brain_outline.png"""", """"brain_outline_params"""": {""""accepted"""": true, """"thr"""": 227, """"close"""": 13, """"open"""": 15, """"smooth"""": 15, """"scale"""": 0.3283173734610123, """"area_px"""": 5504014, """"perim_px"""": 12982.300974369049}, """"brain_mask_params"""": {""""accepted"""": true, """"thr_base"""": 216, """"thr"""": 216, """"pad"""": 50, """"pad_extra"""": 0, """"pad_effective"""": 50, """"seed_r"""": 40, """"close_r"""": 7, """"open_r"""": 3, """"max_side"""": 700, """"scale"""": 0.19151846785225718, """"area_px"""": 6053213, """"perim_px"""": 13200.15762746334}, """"geometry"""": {""""orig_shape_hw"""": [5507, 7310], """"ds_shape_hw"""": [2754, 3655], """"sx"""": 2.0, """"sy"""": 1.9996368917937546, """"roi_ds"""": [882, 617, 2718, 1239], """"roi_orig"""": [1764, 1234, 5436, 2478], """"downsample_factor"""": 2.0}, """"midline_params_ds"""": {""""midline_pts"""": """"[[1709.0, 316.0], [1714.0, 517.0], [1735.0, 685.0], [1789.0, 973.0], [1828.0, 1213.0], [1885.0, 1530.0], [1919.0, 1690.0], [1943.0, 1870.0], [1997.0, 2298.0], [2015.0, 2457.0]]"""", """"area_left_px"""": 2686993, """"area_right_px"""": 2803892, """"perimeter_left_px"""": 7111.518018245697, """"perimeter_right_px"""": 5963.268237352371, """"crop_x0"""": 304, """"crop_y0"""": 270, """"crop_x1"""": 3550, """"crop_y1"""": 2643, """"pad"""": 50}, """"midline_params_orig"""": {""""midline_pts"""": """"[[1709.0, 316.0], [1714.0, 517.0], [1735.0, 685.0], [1789.0, 973.0], [1828.0, 1213.0], [1885.0, 1530.0], [1919.0, 1690.0], [1943.0, 1870.0], [1997.0, 2298.0], [2015.0, 2457.0]]"""", """"area_left_px"""": 2686993, """"area_right_px"""": 2803892, """"perimeter_left_px"""": 7111.518018245697, """"perimeter_right_px"""": 5963.268237352371, """"crop_x0"""": 304, """"crop_y0"""": 270, """"crop_x1"""": 3550, """"crop_y1"""": 2643, """"pad"""": 50, """"crop_x0_orig"""": 608, """"crop_y0_orig"""": 540, """"crop_x1_orig"""": 7100, """"crop_y1_orig"""": 5285}, """"roi_ds"""": [882, 617, 2718, 1239], """"roi_orig"""": [1764, 1234, 5436, 2478], """"params"""": {""""t1"""": 0.3235772357723577, """"t2"""": 0.66, """"x0"""": 882, """"y0"""": 617, """"x1"""": 2718, """"y1"""": 1239, """"small_to_gray"""": true, """"small_N"""": 900, """"grid_on"""": true, """"grid_step"""": 200}}"""
"D:\data\input\TB_P28\Males\K11\TileScan 008_K11_3.tif,error,""AttributeError(""""'NoneType' object has no attribute 'items'"""")"",AttributeError,""for k, v in mp.items(): | AttributeError: 'NoneType' object has no attribute 'items'"",,,,,,,,,,,,,,,,,,,,,,,,,,,,,,,,,,,,,"
"D:\data\input\TB_P28\Males\K11\TileScan 009_K11_4.tif,ok,,,,226,13,5,15,0.3284072249589491,5646280,13752.994406342506,True,""{""""accepted"""": true, """"thr"""": 226, """"close"""": 13, """"open"""": 5, """"smooth"""": 15, """"scale"""": 0.3284072249589491, """"area_px"""": 5646280, """"perim_px"""": 13752.994406342506}"",,,,,,,,,,,,645356,9601.521317720413,898344,5411.738361597061,,0.33,0.6493506493506493,True,900,True,200,897,601,2887,1352,""{""""t1"""": 0.33, """"t2"""": 0.6493506493506493, """"x0"""": 897, """"y0"""": 601, """"x1"""": 2887, """"y1"""": 1352, """"small_to_gray"""": true, """"small_N"""": 900, """"grid_on"""": true, """"grid_step"""": 200}"",""{""""overlay_path"""": """"D:\\data\\output\\TileScan 009_K11_4__hippocampus_overlay.png"""", """"brain_outline_path"""": """"D:\\data\\output\\TileScan 009_K11_4__brain_outline.png"""", """"brain_outline_params"""": {""""accepted"""": true, """"thr"""": 226, """"close"""": 13, """"open"""": 5, """"smooth"""": 15, """"scale"""": 0.3284072249589491, """"area_px"""": 5646280, """"perim_px"""": 13752.994406342506}, """"brain_mask_params"""": {""""accepted"""": true, """"thr_base"""": 239, """"thr"""": 239, """"pad"""": 50, """"pad_extra"""": 0, """"pad_effective"""": 50, """"seed_r"""": 40, """"close_r"""": 7, """"open_r"""": 3, """"max_side"""": 700, """"scale"""": 0.19157088122605365, """"area_px"""": 6288132, """"perim_px"""": 13009.429705619812}, """"geometry"""": {""""orig_shape_hw"""": [5505, 7309], """"ds_shape_hw"""": [2752, 3654], """"sx"""": 2.0002736726874657, """"sy"""": 2.000363372093023, """"roi_ds"""": [897, 601, 2887, 1352], """"roi_orig"""": [1794, 1202, 5775, 2704], """"downsample_factor"""": 2.0}, """"midline_params_ds"""": {""""midline_pts"""": """"[[1910.0, 312.0], [1927.0, 397.0], [1916.0, 470.0], [1894.0, 592.0], [1889.0, 708.0], [1881.0, 1027.0], [1867.0, 1246.0], [1854.0, 1544.0], [1851.0, 1837.0], [1827.0, 2042.0], [1813.0, 2251.0], [1808.0, 2359.0], [1816.0, 2401.0]]"""", """"area_left_px"""": 75, """"area_right_px"""": 2882613, """"perimeter_left_px"""": 7825.383023142815, """"perimeter_right_px"""": 6257.552508115768, """"crop_x0"""": 203, """"crop_y0"""": 270, """"crop_x1"""": 3564, """"crop_y1"""": 2699, """"pad"""": 50}, """"midline_params_orig"""": {""""midline_pts"""": """"[[1910.0, 312.0], [1927.0, 397.0], [1916.0, 470.0], [1894.0, 592.0], [1889.0, 708.0], [1881.0, 1027.0], [1867.0, 1246.0], [1854.0, 1544.0], [1851.0, 1837.0], [1827.0, 2042.0], [1813.0, 2251.0], [1808.0, 2359.0], [1816.0, 2401.0]]"""", """"area_left_px"""": 75, """"area_right_px"""": 2882613, """"perimeter_left_px"""": 7825.383023142815, """"perimeter_right_px"""": 6257.552508115768, """"crop_x0"""": 203, """"crop_y0"""": 270, """"crop_x1"""": 3564, """"crop_y1"""": 2699, """"pad"""": 50, """"crop_x0_orig"""": 406, """"crop_y0_orig"""": 540, """"crop_x1_orig"""": 7129, """"crop_y1_orig"""": 5399}, """"roi_ds"""": [897, 601, 2887, 1352], """"roi_orig"""": [1794, 1202, 5775, 2704], """"params"""": {""""t1"""": 0.33, """"t2"""": 0.6493506493506493, """"x0"""": 897, """"y0"""": 601, """"x1"""": 2887, """"y1"""": 1352, """"small_to_gray"""": true, """"small_N"""": 900, """"grid_on"""": true, """"grid_step"""": 200}}"""
"D:\data\input\TB_P28\Males\K11\TileScan 010_K11_5.tif,ok,,,,238,11,17,21,0.3284072249589491,5582690,12968.609630346298,True,""{""""accepted"""": true, """"thr"""": 238, """"close"""": 11, """"open"""": 17, """"smooth"""": 21, """"scale"""": 0.3284072249589491, """"area_px"""": 5582690, """"perim_px"""": 12968.609630346298}"",,,,,,,,,,,,886776,5584.7089240550995,776164,5744.6084188222885,,0.34959349593495936,0.66,True,900,True,200,763,715,2939,1405,""{""""t1"""": 0.34959349593495936, """"t2"""": 0.66, """"x0"""": 763, """"y0"""": 715, """"x1"""": 2939, """"y1"""": 1405, """"small_to_gray"""": true, """"small_N"""": 900, """"grid_on"""": true, """"grid_step"""": 200}"",""{""""overlay_path"""": """"D:\\data\\output\\TileScan 010_K11_5__hippocampus_overlay.png"""", """"brain_outline_path"""": """"D:\\data\\output\\TileScan 010_K11_5__brain_outline.png"""", """"brain_outline_params"""": {""""accepted"""": true, """"thr"""": 238, """"close"""": 11, """"open"""": 17, """"smooth"""": 21, """"scale"""": 0.3284072249589491, """"area_px"""": 5582690, """"perim_px"""": 12968.609630346298}, """"brain_mask_params"""": {""""accepted"""": true, """"thr_base"""": 241, """"thr"""": 241, """"pad"""": 50, """"pad_extra"""": 0, """"pad_effective"""": 50, """"seed_r"""": 40, """"close_r"""": 7, """"open_r"""": 3, """"max_side"""": 700, """"scale"""": 0.19157088122605365, """"area_px"""": 6169255, """"perim_px"""": 12912.483528375626}, """"geometry"""": {""""orig_shape_hw"""": [5504, 7308], """"ds_shape_hw"""": [2752, 3654], """"sx"""": 2.0, """"sy"""": 2.0, """"roi_ds"""": [763, 715, 2939, 1405], """"roi_orig"""": [1526, 1430, 5878, 2810], """"downsample_factor"""": 2.0}, """"midline_params_ds"""": {""""midline_pts"""": """"[[1840.0, 378.0], [1837.0, 579.0], [1832.0, 759.0], [1832.0, 912.0], [1845.0, 1034.0], [1853.0, 1342.0], [1867.0, 1602.0], [1880.0, 1831.0], [1872.0, 2052.0], [1864.0, 2238.0], [1859.0, 2345.0], [1840.0, 2460.0]]"""", """"area_left_px"""": 2730749, """"area_right_px"""": 2839354, """"perimeter_left_px"""": 6926.802289009094, """"perimeter_right_px"""": 6049.807341337204, """"crop_x0"""": 218, """"crop_y0"""": 337, """"crop_x1"""": 3586, """"crop_y1"""": 2681, """"pad"""": 50}, """"midline_params_orig"""": {""""midline_pts"""": """"[[1840.0, 378.0], [1837.0, 579.0], [1832.0, 759.0], [1832.0, 912.0], [1845.0, 1034.0], [1853.0, 1342.0], [1867.0, 1602.0], [1880.0, 1831.0], [1872.0, 2052.0], [1864.0, 2238.0], [1859.0, 2345.0], [1840.0, 2460.0]]"""", """"area_left_px"""": 2730749, """"area_right_px"""": 2839354, """"perimeter_left_px"""": 6926.802289009094, """"perimeter_right_px"""": 6049.807341337204, """"crop_x0"""": 218, """"crop_y0"""": 337, """"crop_x1"""": 3586, """"crop_y1"""": 2681, """"pad"""": 50, """"crop_x0_orig"""": 436, """"crop_y0_orig"""": 674, """"crop_x1_orig"""": 7172, """"crop_y1_orig"""": 5362}, """"roi_ds"""": [763, 715, 2939, 1405], """"roi_orig"""": [1526, 1430, 5878, 2810], """"params"""": {""""t1"""": 0.34959349593495936, """"t2"""": 0.66, """"x0"""": 763, """"y0"""": 715, """"x1"""": 2939, """"y1"""": 1405, """"small_to_gray"""": true, """"small_N"""": 900, """"grid_on"""": true, """"grid_step"""": 200}}"""
"D:\data\input\TB_P28\Males\K11\TileScan 008_K11_3.tif,ok,,,,223,9,9,15,0.32858707557502737,5577958,12958.702995300293,True,""{""""accepted"""": true, """"thr"""": 223, """"close"""": 9, """"open"""": 9, """"smooth"""": 15, """"scale"""": 0.32858707557502737, """"area_px"""": 5577958, """"perim_px"""": 12958.702995300293}"",,,,,,,,,,,,597808,9086.041088819504,632112,9277.271536827087,,0.3333333333333333,0.66,True,900,True,200,901,678,2950,1347,""{""""t1"""": 0.3333333333333333, """"t2"""": 0.66, """"x0"""": 901, """"y0"""": 678, """"x1"""": 2950, """"y1"""": 1347, """"small_to_gray"""": true, """"small_N"""": 900, """"grid_on"""": true, """"grid_step"""": 200}"",""{""""overlay_path"""": """"D:\\data\\output\\TileScan 008_K11_3__hippocampus_overlay.png"""", """"brain_outline_path"""": """"D:\\data\\output\\TileScan 008_K11_3__brain_outline.png"""", """"brain_outline_params"""": {""""accepted"""": true, """"thr"""": 223, """"close"""": 9, """"open"""": 9, """"smooth"""": 15, """"scale"""": 0.32858707557502737, """"area_px"""": 5577958, """"perim_px"""": 12958.702995300293}, """"brain_mask_params"""": {""""accepted"""": true, """"thr_base"""": 239, """"thr"""": 239, """"pad"""": 50, """"pad_extra"""": 0, """"pad_effective"""": 50, """"seed_r"""": 40, """"close_r"""": 7, """"open_r"""": 3, """"max_side"""": 700, """"scale"""": 0.19167579408543264, """"area_px"""": 6204774, """"perim_px"""": 12844.015492081642}, """"geometry"""": {""""orig_shape_hw"""": [5505, 7304], """"ds_shape_hw"""": [2752, 3652], """"sx"""": 2.0, """"sy"""": 2.000363372093023, """"roi_ds"""": [901, 678, 2950, 1347], """"roi_orig"""": [1802, 1356, 5900, 2694], """"downsample_factor"""": 2.0}, """"midline_params_ds"""": {""""midline_pts"""": """"[[1883.0, 368.0], [1888.0, 583.0], [1885.0, 757.0], [1896.0, 928.0], [1907.0, 1174.0], [1915.0, 1461.0], [1917.0, 1744.0], [1922.0, 1915.0], [1915.0, 2138.0], [1909.0, 2262.0], [1909.0, 2467.0], [1907.0, 2555.0]]"""", """"area_left_px"""": 2704030, """"area_right_px"""": 2861025, """"perimeter_left_px"""": 6894.434757947922, """"perimeter_right_px"""": 6098.268237352371, """"crop_x0"""": 304, """"crop_y0"""": 319, """"crop_x1"""": 3599, """"crop_y1"""": 2705, """"pad"""": 50}, """"midline_params_orig"""": {""""midline_pts"""": """"[[1883.0, 368.0], [1888.0, 583.0], [1885.0, 757.0], [1896.0, 928.0], [1907.0, 1174.0], [1915.0, 1461.0], [1917.0, 1744.0], [1922.0, 1915.0], [1915.0, 2138.0], [1909.0, 2262.0], [1909.0, 2467.0], [1907.0, 2555.0]]"""", """"area_left_px"""": 2704030, """"area_right_px"""": 2861025, """"perimeter_left_px"""": 6894.434757947922, """"perimeter_right_px"""": 6098.268237352371, """"crop_x0"""": 304, """"crop_y0"""": 319, """"crop_x1"""": 3599, """"crop_y1"""": 2705, """"pad"""": 50, """"crop_x0_orig"""": 608, """"crop_y0_orig"""": 638, """"crop_x1_orig"""": 7198, """"crop_y1_orig"""": 5411}, """"roi_ds"""": [901, 678, 2950, 1347], """"roi_orig"""": [1802, 1356, 5900, 2694], """"params"""": {""""t1"""": 0.3333333333333333, """"t2"""": 0.66, """"x0"""": 901, """"y0"""": 678, """"x1"""": 2950, """"y1"""": 1347, """"small_to_gray"""": true, """"small_N"""": 900, """"grid_on"""": true, """"grid_step"""": 200}}"""
"D:\data\input\TB_P28\Males\M11\TileScan 016_M11_1.tif,ok,,,,124,17,49,5,0.3279584585952446,5329535,11158.019667983055,True,""{""""accepted"""": true, """"thr"""": 124, """"close"""": 17, """"open"""": 49, """"smooth"""": 5, """"scale"""": 0.3279584585952446, """"area_px"""": 5329535, """"perim_px"""": 11158.019667983055}"",,,,,,,,,,,,621828,5038.500773310661,579740,4013.0134041309357,,0.32195121951219513,0.66,True,900,True,200,1094,480,2724,1106,""{""""t1"""": 0.32195121951219513, """"t2"""": 0.66, """"x0"""": 1094, """"y0"""": 480, """"x1"""": 2724, """"y1"""": 1106, """"small_to_gray"""": true, """"small_N"""": 900, """"grid_on"""": true, """"grid_step"""": 200}"",""{""""overlay_path"""": """"D:\\data\\output\\TileScan 016_M11_1__hippocampus_overlay.png"""", """"brain_outline_path"""": """"D:\\data\\output\\TileScan 016_M11_1__brain_outline.png"""", """"brain_outline_params"""": {""""accepted"""": true, """"thr"""": 124, """"close"""": 17, """"open"""": 49, """"smooth"""": 5, """"scale"""": 0.3279584585952446, """"area_px"""": 5329535, """"perim_px"""": 11158.019667983055}, """"brain_mask_params"""": {""""accepted"""": true, """"thr_base"""": 109, """"thr"""": 109, """"pad"""": 50, """"pad_extra"""": 16, """"pad_effective"""": 66, """"seed_r"""": 40, """"close_r"""": 7, """"open_r"""": 3, """"max_side"""": 700, """"scale"""": 0.19130910084722602, """"area_px"""": 5754762, """"perim_px"""": 11708.736273646355}, """"geometry"""": {""""orig_shape_hw"""": [4599, 7318], """"ds_shape_hw"""": [2300, 3659], """"sx"""": 2.0, """"sy"""": 1.9995652173913043, """"roi_ds"""": [1094, 480, 2724, 1106], """"roi_orig"""": [2188, 960, 5448, 2212], """"downsample_factor"""": 2.0}, """"midline_params_ds"""": {""""midline_pts"""": """"[[1934.0, 153.0], [1929.0, 407.0], [1929.0, 521.0], [1926.0, 635.0], [1934.0, 677.0], [1934.0, 834.0], [1929.0, 931.0], [1913.0, 1059.0], [1903.0, 1342.0], [1892.0, 1510.0], [1882.0, 1595.0], [1874.0, 1683.0], [1868.0, 1920.0], [1871.0, 2027.0], [1881.025634765625, 2172.90869140625]]"""", """"area_left_px"""": 2666103, """"area_right_px"""": 2651221, """"perimeter_left_px"""": 5524.8174459934235, """"perimeter_right_px"""": 5626.7585709095, """"crop_x0"""": 249, """"crop_y0"""": 115, """"crop_x1"""": 3530, """"crop_y1"""": 2300, """"pad"""": 50}, """"midline_params_orig"""": {""""midline_pts"""": """"[[1934.0, 153.0], [1929.0, 407.0], [1929.0, 521.0], [1926.0, 635.0], [1934.0, 677.0], [1934.0, 834.0], [1929.0, 931.0], [1913.0, 1059.0], [1903.0, 1342.0], [1892.0, 1510.0], [1882.0, 1595.0], [1874.0, 1683.0], [1868.0, 1920.0], [1871.0, 2027.0], [1881.025634765625, 2172.90869140625]]"""", """"area_left_px"""": 2666103, """"area_right_px"""": 2651221, """"perimeter_left_px"""": 5524.8174459934235, """"perimeter_right_px"""": 5626.7585709095, """"crop_x0"""": 249, """"crop_y0"""": 115, """"crop_x1"""": 3530, """"crop_y1"""": 2300, """"pad"""": 50, """"crop_x0_orig"""": 498, """"crop_y0_orig"""": 230, """"crop_x1_orig"""": 7060, """"crop_y1_orig"""": 4599}, """"roi_ds"""": [1094, 480, 2724, 1106], """"roi_orig"""": [2188, 960, 5448, 2212], """"params"""": {""""t1"""": 0.32195121951219513, """"t2"""": 0.66, """"x0"""": 1094, """"y0"""": 480, """"x1"""": 2724, """"y1"""": 1106, """"small_to_gray"""": true, """"small_N"""": 900, """"grid_on"""": true, """"grid_step"""": 200}}"""
"D:\data\input\TB_P28\Males\M11\TileScan 017_M11_2.tif,ok,,,,185,13,47,5,0.3283173734610123,5449498,11456.93135535717,True,""{""""accepted"""": true, """"thr"""": 185, """"close"""": 13, """"open"""": 47, """"smooth"""": 5, """"scale"""": 0.3283173734610123, """"area_px"""": 5449498, """"perim_px"""": 11456.93135535717}"",,,,,,,,,,,,787868,4743.706836104393,727816,4305.983966588974,,0.3170731707317073,0.66,True,900,True,200,1101,715,2790,1417,""{""""t1"""": 0.3170731707317073, """"t2"""": 0.66, """"x0"""": 1101, """"y0"""": 715, """"x1"""": 2790, """"y1"""": 1417, """"small_to_gray"""": true, """"small_N"""": 900, """"grid_on"""": true, """"grid_step"""": 200}"",""{""""overlay_path"""": """"D:\\data\\output\\TileScan 017_M11_2__hippocampus_overlay.png"""", """"brain_outline_path"""": """"D:\\data\\output\\TileScan 017_M11_2__brain_outline.png"""", """"brain_outline_params"""": {""""accepted"""": true, """"thr"""": 185, """"close"""": 13, """"open"""": 47, """"smooth"""": 5, """"scale"""": 0.3283173734610123, """"area_px"""": 5449498, """"perim_px"""": 11456.93135535717}, """"brain_mask_params"""": {""""accepted"""": true, """"thr_base"""": 204, """"thr"""": 204, """"pad"""": 50, """"pad_extra"""": 0, """"pad_effective"""": 50, """"seed_r"""": 40, """"close_r"""": 7, """"open_r"""": 3, """"max_side"""": 700, """"scale"""": 0.19151846785225718, """"area_px"""": 5972185, """"perim_px"""": 12119.16267979145}, """"geometry"""": {""""orig_shape_hw"""": [5508, 7310], """"ds_shape_hw"""": [2754, 3655], """"sx"""": 2.0, """"sy"""": 2.0, """"roi_ds"""": [1101, 715, 2790, 1417], """"roi_orig"""": [2202, 1430, 5580, 2834], """"downsample_factor"""": 2.0}, """"midline_params_ds"""": {""""midline_pts"""": """"[[1971.0, 353.0], [1955.0, 682.0], [1963.0, 829.0], [1965.0, 911.0], [1968.0, 1071.0], [1952.0, 1330.0], [1952.0, 1497.0], [1936.0, 1726.0], [1921.0, 1913.0], [1915.0, 2144.0], [1910.0, 2226.0], [1913.0, 2456.0]]"""", """"area_left_px"""": 2713143, """"area_right_px"""": 2723982, """"perimeter_left_px"""": 5745.273289680481, """"perimeter_right_px"""": 5745.658065676689, """"crop_x0"""": 298, """"crop_y0"""": 331, """"crop_x1"""": 3575, """"crop_y1"""": 2625, """"pad"""": 50}, """"midline_params_orig"""": {""""midline_pts"""": """"[[1971.0, 353.0], [1955.0, 682.0], [1963.0, 829.0], [1965.0, 911.0], [1968.0, 1071.0], [1952.0, 1330.0], [1952.0, 1497.0], [1936.0, 1726.0], [1921.0, 1913.0], [1915.0, 2144.0], [1910.0, 2226.0], [1913.0, 2456.0]]"""", """"area_left_px"""": 2713143, """"area_right_px"""": 2723982, """"perimeter_left_px"""": 5745.273289680481, """"perimeter_right_px"""": 5745.658065676689, """"crop_x0"""": 298, """"crop_y0"""": 331, """"crop_x1"""": 3575, """"crop_y1"""": 2625, """"pad"""": 50, """"crop_x0_orig"""": 596, """"crop_y0_orig"""": 662, """"crop_x1_orig"""": 7150, """"crop_y1_orig"""": 5250}, """"roi_ds"""": [1101, 715, 2790, 1417], """"roi_orig"""": [2202, 1430, 5580, 2834], """"params"""": {""""t1"""": 0.3170731707317073, """"t2"""": 0.66, """"x0"""": 1101, """"y0"""": 715, """"x1"""": 2790, """"y1"""": 1417, """"small_to_gray"""": true, """"small_N"""": 900, """"grid_on"""": true, """"grid_step"""": 200}}"""
"D:\data\input\TB_P28\Males\M11\TileScan 018_M11_3.tif,ok,,,,140,9,3,15,0.3284072249589491,5471800,12110.494844555855,True,""{""""accepted"""": true, """"thr"""": 140, """"close"""": 9, """"open"""": 3, """"smooth"""": 15, """"scale"""": 0.3284072249589491, """"area_px"""": 5471800, """"perim_px"""": 12110.494844555855}"",,,,,,,,,,,,878432,4943.890601634979,807080,4636.777903795242,,0.3300813008130081,0.66,True,900,True,200,950,771,2814,1332,""{""""t1"""": 0.3300813008130081, """"t2"""": 0.66, """"x0"""": 950, """"y0"""": 771, """"x1"""": 2814, """"y1"""": 1332, """"small_to_gray"""": true, """"small_N"""": 900, """"grid_on"""": true, """"grid_step"""": 200}"",""{""""overlay_path"""": """"D:\\data\\output\\TileScan 018_M11_3__hippocampus_overlay.png"""", """"brain_outline_path"""": """"D:\\data\\output\\TileScan 018_M11_3__brain_outline.png"""", """"brain_outline_params"""": {""""accepted"""": true, """"thr"""": 140, """"close"""": 9, """"open"""": 3, """"smooth"""": 15, """"scale"""": 0.3284072249589491, """"area_px"""": 5471800, """"perim_px"""": 12110.494844555855}, """"brain_mask_params"""": {""""accepted"""": true, """"thr_base"""": 197, """"thr"""": 197, """"pad"""": 50, """"pad_extra"""": 0, """"pad_effective"""": 50, """"seed_r"""": 40, """"close_r"""": 7, """"open_r"""": 3, """"max_side"""": 700, """"scale"""": 0.19157088122605365, """"area_px"""": 6031198, """"perim_px"""": 12088.81953394413}, """"geometry"""": {""""orig_shape_hw"""": [5507, 7309], """"ds_shape_hw"""": [2754, 3654], """"sx"""": 2.0002736726874657, """"sy"""": 1.9996368917937546, """"roi_ds"""": [950, 771, 2814, 1332], """"roi_orig"""": [1900, 1542, 5629, 2664], """"downsample_factor"""": 2.0}, """"midline_params_ds"""": {""""midline_pts"""": """"[[1880.0, 420.0], [1872.0, 511.0], [1885.0, 957.0], [1893.0, 1085.0], [1896.0, 1360.0], [1901.0, 1518.0], [1890.0, 1616.0], [1890.0, 1700.0], [1877.0, 1823.0], [1869.0, 1961.0], [1872.0, 1978.0], [1874.0, 2194.0], [1874.0, 2342.0], [1872.0, 2485.0]]"""", """"area_left_px"""": 2725741, """"area_right_px"""": 12, """"perimeter_left_px"""": 6113.226607203484, """"perimeter_right_px"""": 6182.481440424919, """"crop_x0"""": 215, """"crop_y0"""": 386, """"crop_x1"""": 3555, """"crop_y1"""": 2652, """"pad"""": 50}, """"midline_params_orig"""": {""""midline_pts"""": """"[[1880.0, 420.0], [1872.0, 511.0], [1885.0, 957.0], [1893.0, 1085.0], [1896.0, 1360.0], [1901.0, 1518.0], [1890.0, 1616.0], [1890.0, 1700.0], [1877.0, 1823.0], [1869.0, 1961.0], [1872.0, 1978.0], [1874.0, 2194.0], [1874.0, 2342.0], [1872.0, 2485.0]]"""", """"area_left_px"""": 2725741, """"area_right_px"""": 12, """"perimeter_left_px"""": 6113.226607203484, """"perimeter_right_px"""": 6182.481440424919, """"crop_x0"""": 215, """"crop_y0"""": 386, """"crop_x1"""": 3555, """"crop_y1"""": 2652, """"pad"""": 50, """"crop_x0_orig"""": 430, """"crop_y0_orig"""": 772, """"crop_x1_orig"""": 7111, """"crop_y1_orig"""": 5303}, """"roi_ds"""": [950, 771, 2814, 1332], """"roi_orig"""": [1900, 1542, 5629, 2664], """"params"""": {""""t1"""": 0.3300813008130081, """"t2"""": 0.66, """"x0"""": 950, """"y0"""": 771, """"x1"""": 2814, """"y1"""": 1332, """"small_to_gray"""": true, """"small_N"""": 900, """"grid_on"""": true, """"grid_step"""": 200}}"""
"D:\data\input\TB_P28\Males\M11\TileScan 019_M11_4.tif,error,""AttributeError(""""'NoneType' object has no attribute 'items'"""")"",AttributeError,""for k, v in mp.items(): | AttributeError: 'NoneType' object has no attribute 'items'"",,,,,,,,,,,,,,,,,,,,,,,,,,,,,,,,,,,,,"
"D:\data\input\TB_P28\Males\M11\TileScan 020_M11_5.tif,ok,,,,157,13,7,15,0.3282275711159737,5599798,12117.389286994934,True,""{""""accepted"""": true, """"thr"""": 157, """"close"""": 13, """"open"""": 7, """"smooth"""": 15, """"scale"""": 0.3282275711159737, """"area_px"""": 5599798, """"perim_px"""": 12117.389286994934}"",,,,,,,,,,,,554888,10680.76604628563,693864,10099.646208167076,,0.3333333333333333,0.66,True,900,True,200,894,735,2982,1320,""{""""t1"""": 0.3333333333333333, """"t2"""": 0.66, """"x0"""": 894, """"y0"""": 735, """"x1"""": 2982, """"y1"""": 1320, """"small_to_gray"""": true, """"small_N"""": 900, """"grid_on"""": true, """"grid_step"""": 200}"",""{""""overlay_path"""": """"D:\\data\\output\\TileScan 020_M11_5__hippocampus_overlay.png"""", """"brain_outline_path"""": """"D:\\data\\output\\TileScan 020_M11_5__brain_outline.png"""", """"brain_outline_params"""": {""""accepted"""": true, """"thr"""": 157, """"close"""": 13, """"open"""": 7, """"smooth"""": 15, """"scale"""": 0.3282275711159737, """"area_px"""": 5599798, """"perim_px"""": 12117.389286994934}, """"brain_mask_params"""": {""""accepted"""": true, """"thr_base"""": 232, """"thr"""": 232, """"pad"""": 50, """"pad_extra"""": 0, """"pad_effective"""": 50, """"seed_r"""": 40, """"close_r"""": 7, """"open_r"""": 3, """"max_side"""": 700, """"scale"""": 0.19146608315098468, """"area_px"""": 6176816, """"perim_px"""": 12216.275377631187}, """"geometry"""": {""""orig_shape_hw"""": [5503, 7312], """"ds_shape_hw"""": [2752, 3656], """"sx"""": 2.0, """"sy"""": 1.9996366279069768, """"roi_ds"""": [894, 735, 2982, 1320], """"roi_orig"""": [1788, 1470, 5964, 2640], """"downsample_factor"""": 2.0}, """"midline_params_ds"""": {""""midline_pts"""": """"[[1927.0, 381.0], [1915.58544921875, 475.6185302734375], [1919.0, 574.0], [1924.0, 758.0], [1930.0, 890.0], [1938.0, 1024.0], [1919.0, 1226.0], [1911.0, 1604.0], [1905.0, 1771.0], [1903.0, 1928.0], [1889.0, 2148.0], [1889.0, 2327.0], [1889.0, 2479.0]]"""", """"area_left_px"""": 2774227, """"area_right_px"""": 2812510, """"perimeter_left_px"""": 6115.623575806618, """"perimeter_right_px"""": 6001.765711188316, """"crop_x0"""": 225, """"crop_y0"""": 328, """"crop_x1"""": 3575, """"crop_y1"""": 2659, """"pad"""": 50}, """"midline_params_orig"""": {""""midline_pts"""": """"[[1927.0, 381.0], [1915.58544921875, 475.6185302734375], [1919.0, 574.0], [1924.0, 758.0], [1930.0, 890.0], [1938.0, 1024.0], [1919.0, 1226.0], [1911.0, 1604.0], [1905.0, 1771.0], [1903.0, 1928.0], [1889.0, 2148.0], [1889.0, 2327.0], [1889.0, 2479.0]]"""", """"area_left_px"""": 2774227, """"area_right_px"""": 2812510, """"perimeter_left_px"""": 6115.623575806618, """"perimeter_right_px"""": 6001.765711188316, """"crop_x0"""": 225, """"crop_y0"""": 328, """"crop_x1"""": 3575, """"crop_y1"""": 2659, """"pad"""": 50, """"crop_x0_orig"""": 450, """"crop_y0_orig"""": 656, """"crop_x1_orig"""": 7150, """"crop_y1_orig"""": 5317}, """"roi_ds"""": [894, 735, 2982, 1320], """"roi_orig"""": [1788, 1470, 5964, 2640], """"params"""": {""""t1"""": 0.3333333333333333, """"t2"""": 0.66, """"x0"""": 894, """"y0"""": 735, """"x1"""": 2982, """"y1"""": 1320, """"small_to_gray"""": true, """"small_N"""": 900, """"grid_on"""": true, """"grid_step"""": 200}}"""
"D:\data\input\TB_P28\Males\M11\TileScan 019_M11_4.tif,error,ValueError('Require 0 < t1 < t2 < 1'),ValueError,""raise ValueError(""""Require 0 < t1 < t2 < 1"""") | ValueError: Require 0 < t1 < t2 < 1"",,,,,,,,,,,,,,,,,,,,,,,,,,,,,,,,,,,,,"
"D:\data\input\TB_P28\Males\K10\TileScan 001_K10_1.tif,ok,,,,170,11,5,15,1.0,4999214,10543.165773034096,True,""{""""accepted"""": true, """"thr"""": 170, """"close"""": 11, """"open"""": 5, """"smooth"""": 15, """"scale"""": 1.0, """"area_px"""": 4999214, """"perim_px"""": 10543.165773034096, """"non_complete_contour"""": false}"",,,,,,,,,,,,505204,3792.4448626041412,464492,3463.1900293827057,,0.3389830508474576,0.66,True,900,True,200,972,476,2567,1074,""{""""t1"""": 0.3389830508474576, """"t2"""": 0.66, """"x0"""": 972, """"y0"""": 476, """"x1"""": 2567, """"y1"""": 1074, """"small_to_gray"""": true, """"small_N"""": 900, """"grid_on"""": true, """"grid_step"""": 200}"",""{""""overlay_path"""": """"D:\\data\\output\\TileScan 001_K10_1__hippocampus_overlay.png"""", """"brain_outline_path"""": """"D:\\data\\output\\TileScan 001_K10_1__brain_outline.png"""", """"brain_outline_params"""": {""""accepted"""": true, """"thr"""": 170, """"close"""": 11, """"open"""": 5, """"smooth"""": 15, """"scale"""": 1.0, """"area_px"""": 4999214, """"perim_px"""": 10543.165773034096, """"non_complete_contour"""": false}, """"brain_mask_params"""": {""""accepted"""": true, """"thr_base"""": 195, """"thr"""": 195, """"pad"""": 50, """"pad_extra"""": 0, """"pad_effective"""": 50, """"seed_r"""": 40, """"close_r"""": 7, """"open_r"""": 3, """"max_side"""": 700, """"scale"""": 0.19115237575095576, """"area_px"""": 5534254, """"perim_px"""": 11411.179924726486}, """"geometry"""": {""""orig_shape_hw"""": [4602, 7323], """"ds_shape_hw"""": [2301, 3662], """"sx"""": 1.9997269251774987, """"sy"""": 2.0, """"roi_ds"""": [972, 476, 2567, 1074], """"roi_orig"""": [1944, 952, 5133, 2148], """"downsample_factor"""": 2.0}, """"midline_params_ds"""": {""""midline_pts"""": """"[[1751.0, 169.0], [1748.0, 361.0], [1737.0, 447.0], [1740.0, 543.0], [1740.0, 653.0], [1754.0, 739.0], [1767.0, 816.0], [1772.0, 904.0], [1788.0, 1036.0], [1796.0, 1161.0], [1807.0, 1354.0], [1818.0, 1603.0], [1828.0, 1865.0], [1834.0, 1959.0], [1831.0, 2017.0], [1831.0, 2058.0], [1832.673583984375, 2145.845703125]]"""", """"area_left_px"""": 2489691, """"area_right_px"""": 2499201, """"perimeter_left_px"""": 5302.0423003435135, """"perimeter_right_px"""": 5307.99352991581, """"crop_x0"""": 242, """"crop_y0"""": 134, """"crop_x1"""": 3376, """"crop_y1"""": 2301, """"pad"""": 50}, """"midline_params_orig"""": {""""midline_pts"""": """"[[1751.0, 169.0], [1748.0, 361.0], [1737.0, 447.0], [1740.0, 543.0], [1740.0, 653.0], [1754.0, 739.0], [1767.0, 816.0], [1772.0, 904.0], [1788.0, 1036.0], [1796.0, 1161.0], [1807.0, 1354.0], [1818.0, 1603.0], [1828.0, 1865.0], [1834.0, 1959.0], [1831.0, 2017.0], [1831.0, 2058.0], [1832.673583984375, 2145.845703125]]"""", """"area_left_px"""": 2489691, """"area_right_px"""": 2499201, """"perimeter_left_px"""": 5302.0423003435135, """"perimeter_right_px"""": 5307.99352991581, """"crop_x0"""": 242, """"crop_y0"""": 134, """"crop_x1"""": 3376, """"crop_y1"""": 2301, """"pad"""": 50, """"crop_x0_orig"""": 484, """"crop_y0_orig"""": 268, """"crop_x1_orig"""": 6751, """"crop_y1_orig"""": 4602}, """"roi_ds"""": [972, 476, 2567, 1074], """"roi_orig"""": [1944, 952, 5133, 2148], """"params"""": {""""t1"""": 0.3389830508474576, """"t2"""": 0.66, """"x0"""": 972, """"y0"""": 476, """"x1"""": 2567, """"y1"""": 1074, """"small_to_gray"""": true, """"small_N"""": 900, """"grid_on"""": true, """"grid_step"""": 200}}"""
"D:\data\input\TB_P28\Males\N07\TileScan 005_N07_1.tif,ok,,,,170,11,5,15,1.0,5735361,11517.596355080605,True,""{""""accepted"""": true, """"thr"""": 170, """"close"""": 11, """"open"""": 5, """"smooth"""": 15, """"scale"""": 1.0, """"area_px"""": 5735361, """"perim_px"""": 11517.596355080605, """"non_complete_contour"""": false}"",,,,,,,,,,,,557588,3820.0428416728973,585312,4053.0306490659714,,0.33884297520661155,0.66,True,900,True,200,1145,641,2834,1242,""{""""t1"""": 0.33884297520661155, """"t2"""": 0.66, """"x0"""": 1145, """"y0"""": 641, """"x1"""": 2834, """"y1"""": 1242, """"small_to_gray"""": true, """"small_N"""": 900, """"grid_on"""": true, """"grid_step"""": 200}"",""{""""overlay_path"""": """"D:\\data\\output\\TileScan 005_N07_1__hippocampus_overlay.png"""", """"brain_outline_path"""": """"D:\\data\\output\\TileScan 005_N07_1__brain_outline.png"""", """"brain_outline_params"""": {""""accepted"""": true, """"thr"""": 170, """"close"""": 11, """"open"""": 5, """"smooth"""": 15, """"scale"""": 1.0, """"area_px"""": 5735361, """"perim_px"""": 11517.596355080605, """"non_complete_contour"""": false}, """"brain_mask_params"""": {""""accepted"""": true, """"thr_base"""": 199, """"thr"""": 199, """"pad"""": 50, """"pad_extra"""": 0, """"pad_effective"""": 50, """"seed_r"""": 40, """"close_r"""": 7, """"open_r"""": 3, """"max_side"""": 700, """"scale"""": 0.19157088122605365, """"area_px"""": 6319327, """"perim_px"""": 12753.388075470924}, """"geometry"""": {""""orig_shape_hw"""": [5504, 7308], """"ds_shape_hw"""": [2752, 3654], """"sx"""": 2.0, """"sy"""": 2.0, """"roi_ds"""": [1145, 641, 2834, 1242], """"roi_orig"""": [2290, 1282, 5668, 2484], """"downsample_factor"""": 2.0}, """"midline_params_ds"""": {""""midline_pts"""": """"[[1998.0, 257.0], [1993.0, 706.0], [1987.0, 839.0], [1969.0, 1001.0], [1961.0, 1201.0], [1961.0, 1334.0], [1949.0, 1624.0], [1943.0, 1853.0], [1943.0, 2139.0], [1941.0, 2212.0], [1935.0, 2284.0], [1929.0, 2406.0]]"""", """"area_left_px"""": 2846200, """"area_right_px"""": 2877972, """"perimeter_left_px"""": 5767.534721851349, """"perimeter_right_px"""": 5824.245398759842, """"crop_x0"""": 307, """"crop_y0"""": 254, """"crop_x1"""": 3628, """"crop_y1"""": 2600, """"pad"""": 50}, """"midline_params_orig"""": {""""midline_pts"""": """"[[1998.0, 257.0], [1993.0, 706.0], [1987.0, 839.0], [1969.0, 1001.0], [1961.0, 1201.0], [1961.0, 1334.0], [1949.0, 1624.0], [1943.0, 1853.0], [1943.0, 2139.0], [1941.0, 2212.0], [1935.0, 2284.0], [1929.0, 2406.0]]"""", """"area_left_px"""": 2846200, """"area_right_px"""": 2877972, """"perimeter_left_px"""": 5767.534721851349, """"perimeter_right_px"""": 5824.245398759842, """"crop_x0"""": 307, """"crop_y0"""": 254, """"crop_x1"""": 3628, """"crop_y1"""": 2600, """"pad"""": 50, """"crop_x0_orig"""": 614, """"crop_y0_orig"""": 508, """"crop_x1_orig"""": 7256, """"crop_y1_orig"""": 5200}, """"roi_ds"""": [1145, 641, 2834, 1242], """"roi_orig"""": [2290, 1282, 5668, 2484], """"params"""": {""""t1"""": 0.33884297520661155, """"t2"""": 0.66, """"x0"""": 1145, """"y0"""": 641, """"x1"""": 2834, """"y1"""": 1242, """"small_to_gray"""": true, """"small_N"""": 900, """"grid_on"""": true, """"grid_step"""": 200}}"""
"D:\data\input\TB_P28\Males\N07\TileScan 007_N07_3.tif,ok,,,,170,43,5,15,1.0,5809065,12414.698948264122,True,""{""""accepted"""": true, """"thr"""": 170, """"close"""": 43, """"open"""": 5, """"smooth"""": 15, """"scale"""": 1.0, """"area_px"""": 5809065, """"perim_px"""": 12414.698948264122, """"non_complete_contour"""": false}"",,,,,,,,,,,,754580,4760.57689332962,830728,4940.091612100601,,0.3050847457627119,0.66,True,900,True,200,950,633,2891,1283,""{""""t1"""": 0.3050847457627119, """"t2"""": 0.66, """"x0"""": 950, """"y0"""": 633, """"x1"""": 2891, """"y1"""": 1283, """"small_to_gray"""": true, """"small_N"""": 900, """"grid_on"""": true, """"grid_step"""": 200}"",""{""""overlay_path"""": """"D:\\data\\output\\TileScan 007_N07_3__hippocampus_overlay.png"""", """"brain_outline_path"""": """"D:\\data\\output\\TileScan 007_N07_3__brain_outline.png"""", """"brain_outline_params"""": {""""accepted"""": true, """"thr"""": 170, """"close"""": 43, """"open"""": 5, """"smooth"""": 15, """"scale"""": 1.0, """"area_px"""": 5809065, """"perim_px"""": 12414.698948264122, """"non_complete_contour"""": false}, """"brain_mask_params"""": {""""accepted"""": true, """"thr_base"""": 210, """"thr"""": 210, """"pad"""": 50, """"pad_extra"""": 0, """"pad_effective"""": 50, """"seed_r"""": 40, """"close_r"""": 7, """"open_r"""": 3, """"max_side"""": 700, """"scale"""": 0.19157088122605365, """"area_px"""": 6385342, """"perim_px"""": 12473.346445322037}, """"geometry"""": {""""orig_shape_hw"""": [5502, 7307], """"ds_shape_hw"""": [2751, 3654], """"sx"""": 1.9997263273125343, """"sy"""": 2.0, """"roi_ds"""": [950, 633, 2891, 1283], """"roi_orig"""": [1900, 1266, 5781, 2566], """"downsample_factor"""": 2.0}, """"midline_params_ds"""": {""""midline_pts"""": """"[[1942.0, 288.0], [1945.0, 556.0], [1933.0, 852.0], [1916.0, 1055.0], [1921.0, 1207.0], [1913.0, 1485.0], [1904.0, 1906.0], [1904.0, 2318.0], [1904.0, 2375.0], [1898.0, 2438.0]]"""", """"area_left_px"""": 2880905, """"area_right_px"""": 2915901, """"perimeter_left_px"""": 6165.1104036569595, """"perimeter_right_px"""": 6803.703330397606, """"crop_x0"""": 267, """"crop_y0"""": 213, """"crop_x1"""": 3592, """"crop_y1"""": 2632, """"pad"""": 50}, """"midline_params_orig"""": {""""midline_pts"""": """"[[1942.0, 288.0], [1945.0, 556.0], [1933.0, 852.0], [1916.0, 1055.0], [1921.0, 1207.0], [1913.0, 1485.0], [1904.0, 1906.0], [1904.0, 2318.0], [1904.0, 2375.0], [1898.0, 2438.0]]"""", """"area_left_px"""": 2880905, """"area_right_px"""": 2915901, """"perimeter_left_px"""": 6165.1104036569595, """"perimeter_right_px"""": 6803.703330397606, """"crop_x0"""": 267, """"crop_y0"""": 213, """"crop_x1"""": 3592, """"crop_y1"""": 2632, """"pad"""": 50, """"crop_x0_orig"""": 534, """"crop_y0_orig"""": 426, """"crop_x1_orig"""": 7183, """"crop_y1_orig"""": 5264}, """"roi_ds"""": [950, 633, 2891, 1283], """"roi_orig"""": [1900, 1266, 5781, 2566], """"params"""": {""""t1"""": 0.3050847457627119, """"t2"""": 0.66, """"x0"""": 950, """"y0"""": 633, """"x1"""": 2891, """"y1"""": 1283, """"small_to_gray"""": true, """"small_N"""": 900, """"grid_on"""": true, """"grid_step"""": 200}}"""
"D:\data\input\TB_P28\Males\N07\TileScan 008_N07_4.tif,ok,,,,170,11,5,15,1.0,5855613,12067.066479325294,True,""{""""accepted"""": true, """"thr"""": 170, """"close"""": 11, """"open"""": 5, """"smooth"""": 15, """"scale"""": 1.0, """"area_px"""": 5855613, """"perim_px"""": 12067.066479325294, """"non_complete_contour"""": false}"",,,,,,,,,,,,834720,5032.559648394585,889280,5166.736273646355,,0.3347457627118644,0.6567796610169492,True,900,True,200,926,613,2948,1206,""{""""t1"""": 0.3347457627118644, """"t2"""": 0.6567796610169492, """"x0"""": 926, """"y0"""": 613, """"x1"""": 2948, """"y1"""": 1206, """"small_to_gray"""": true, """"small_N"""": 900, """"grid_on"""": true, """"grid_step"""": 200}"",""{""""overlay_path"""": """"D:\\data\\output\\TileScan 008_N07_4__hippocampus_overlay.png"""", """"brain_outline_path"""": """"D:\\data\\output\\TileScan 008_N07_4__brain_outline.png"""", """"brain_outline_params"""": {""""accepted"""": true, """"thr"""": 170, """"close"""": 11, """"open"""": 5, """"smooth"""": 15, """"scale"""": 1.0, """"area_px"""": 5855613, """"perim_px"""": 12067.066479325294, """"non_complete_contour"""": false}, """"brain_mask_params"""": {""""accepted"""": true, """"thr_base"""": 199, """"thr"""": 199, """"pad"""": 50, """"pad_extra"""": 0, """"pad_effective"""": 50, """"seed_r"""": 40, """"close_r"""": 7, """"open_r"""": 3, """"max_side"""": 700, """"scale"""": 0.19151846785225718, """"area_px"""": 6438668, """"perim_px"""": 12639.488580703735}, """"geometry"""": {""""orig_shape_hw"""": [5501, 7310], """"ds_shape_hw"""": [2750, 3655], """"sx"""": 2.0, """"sy"""": 2.0003636363636366, """"roi_ds"""": [926, 613, 2948, 1206], """"roi_orig"""": [1852, 1226, 5896, 2412], """"downsample_factor"""": 2.0}, """"midline_params_ds"""": {""""midline_pts"""": """"[[1886.0, 315.0], [1913.0, 662.0], [1913.0, 842.0], [1922.0, 1043.0], [1922.0, 1232.0], [1937.0, 1483.0], [1943.0, 1726.0], [1964.0, 2020.0], [1979.0, 2242.0], [1991.0, 2427.0], [1985.0, 2556.0], [1616.0, 2637.0]]"""", """"area_left_px"""": 2892469, """"area_right_px"""": 2950967, """"perimeter_left_px"""": 6553.083054065704, """"perimeter_right_px"""": 5523.012862801552, """"crop_x0"""": 277, """"crop_y0"""": 237, """"crop_x1"""": 3643, """"crop_y1"""": 2664, """"pad"""": 50}, """"midline_params_orig"""": {""""midline_pts"""": """"[[1886.0, 315.0], [1913.0, 662.0], [1913.0, 842.0], [1922.0, 1043.0], [1922.0, 1232.0], [1937.0, 1483.0], [1943.0, 1726.0], [1964.0, 2020.0], [1979.0, 2242.0], [1991.0, 2427.0], [1985.0, 2556.0], [1616.0, 2637.0]]"""", """"area_left_px"""": 2892469, """"area_right_px"""": 2950967, """"perimeter_left_px"""": 6553.083054065704, """"perimeter_right_px"""": 5523.012862801552, """"crop_x0"""": 277, """"crop_y0"""": 237, """"crop_x1"""": 3643, """"crop_y1"""": 2664, """"pad"""": 50, """"crop_x0_orig"""": 554, """"crop_y0_orig"""": 474, """"crop_x1_orig"""": 7286, """"crop_y1_orig"""": 5329}, """"roi_ds"""": [926, 613, 2948, 1206], """"roi_orig"""": [1852, 1226, 5896, 2412], """"params"""": {""""t1"""": 0.3347457627118644, """"t2"""": 0.6567796610169492, """"x0"""": 926, """"y0"""": 613, """"x1"""": 2948, """"y1"""": 1206, """"small_to_gray"""": true, """"small_N"""": 900, """"grid_on"""": true, """"grid_step"""": 200}}"""
"D:\data\input\TB_P28\Males\N07\TileScan 009_N07_5.tif,ok,,,,170,11,5,15,1.0,5864147,12779.354925990105,True,""{""""accepted"""": true, """"thr"""": 170, """"close"""": 11, """"open"""": 5, """"smooth"""": 15, """"scale"""": 1.0, """"area_px"""": 5864147, """"perim_px"""": 12779.354925990105, """"non_complete_contour"""": false}"",,,,,,,,,,,,898848,5417.8977419137955,939524,5621.412460684776,,0.33,0.66,True,900,True,200,876,621,3043,1266,""{""""t1"""": 0.33, """"t2"""": 0.66, """"x0"""": 876, """"y0"""": 621, """"x1"""": 3043, """"y1"""": 1266, """"small_to_gray"""": true, """"small_N"""": 900, """"grid_on"""": true, """"grid_step"""": 200}"",""{""""overlay_path"""": """"D:\\data\\output\\TileScan 009_N07_5__hippocampus_overlay.png"""", """"brain_outline_path"""": """"D:\\data\\output\\TileScan 009_N07_5__brain_outline.png"""", """"brain_outline_params"""": {""""accepted"""": true, """"thr"""": 170, """"close"""": 11, """"open"""": 5, """"smooth"""": 15, """"scale"""": 1.0, """"area_px"""": 5864147, """"perim_px"""": 12779.354925990105, """"non_complete_contour"""": false}, """"brain_mask_params"""": {""""accepted"""": true, """"thr_base"""": 186, """"thr"""": 186, """"pad"""": 50, """"pad_extra"""": 0, """"pad_effective"""": 50, """"seed_r"""": 40, """"close_r"""": 7, """"open_r"""": 3, """"max_side"""": 700, """"scale"""": 0.19167579408543264, """"area_px"""": 6466691, """"perim_px"""": 12844.015492081642}, """"geometry"""": {""""orig_shape_hw"""": [5499, 7304], """"ds_shape_hw"""": [2750, 3652], """"sx"""": 2.0, """"sy"""": 1.9996363636363637, """"roi_ds"""": [876, 621, 3043, 1266], """"roi_orig"""": [1752, 1242, 6086, 2532], """"downsample_factor"""": 2.0}, """"midline_params_ds"""": {""""midline_pts"""": """"[[1946.0, 319.0], [1958.0, 671.0], [1937.0, 812.0], [1929.0, 948.0], [1937.0, 1009.0], [1923.0, 1228.0], [1912.0, 1494.0], [1917.0, 1774.0], [1920.0, 1913.0], [1920.0, 2045.0], [1920.0, 2184.0], [1923.0, 2259.0], [1929.0, 2409.0]]"""", """"area_left_px"""": 2911312, """"area_right_px"""": 2940123, """"perimeter_left_px"""": 6093.193663954735, """"perimeter_right_px"""": 6861.759241104126, """"crop_x0"""": 228, """"crop_y0"""": 232, """"crop_x1"""": 3652, """"crop_y1"""": 2571, """"pad"""": 50}, """"midline_params_orig"""": {""""midline_pts"""": """"[[1946.0, 319.0], [1958.0, 671.0], [1937.0, 812.0], [1929.0, 948.0], [1937.0, 1009.0], [1923.0, 1228.0], [1912.0, 1494.0], [1917.0, 1774.0], [1920.0, 1913.0], [1920.0, 2045.0], [1920.0, 2184.0], [1923.0, 2259.0], [1929.0, 2409.0]]"""", """"area_left_px"""": 2911312, """"area_right_px"""": 2940123, """"perimeter_left_px"""": 6093.193663954735, """"perimeter_right_px"""": 6861.759241104126, """"crop_x0"""": 228, """"crop_y0"""": 232, """"crop_x1"""": 3652, """"crop_y1"""": 2571, """"pad"""": 50, """"crop_x0_orig"""": 456, """"crop_y0_orig"""": 464, """"crop_x1_orig"""": 7304, """"crop_y1_orig"""": 5141}, """"roi_ds"""": [876, 621, 3043, 1266], """"roi_orig"""": [1752, 1242, 6086, 2532], """"params"""": {""""t1"""": 0.33, """"t2"""": 0.66, """"x0"""": 876, """"y0"""": 621, """"x1"""": 3043, """"y1"""": 1266, """"small_to_gray"""": true, """"small_N"""": 900, """"grid_on"""": true, """"grid_step"""": 200}}"""
"D:\data\input\TB_P28\Males\N07\TileScan 006_N07_2.tif,ok,,,,170,11,5,15,1.0,5700042,11658.757823348045,True,""{""""accepted"""": true, """"thr"""": 170, """"close"""": 11, """"open"""": 5, """"smooth"""": 15, """"scale"""": 1.0, """"area_px"""": 5700042, """"perim_px"""": 11658.757823348045, """"non_complete_contour"""": false}"",,,,,,,,,,,,644208,4162.00121152401,694264,4441.197169661522,,0.32644628099173556,0.66,True,900,True,200,1044,690,2875,1259,""{""""t1"""": 0.32644628099173556, """"t2"""": 0.66, """"x0"""": 1044, """"y0"""": 690, """"x1"""": 2875, """"y1"""": 1259, """"small_to_gray"""": true, """"small_N"""": 900, """"grid_on"""": true, """"grid_step"""": 200}"",""{""""overlay_path"""": """"D:\\data\\output\\TileScan 006_N07_2__hippocampus_overlay.png"""", """"brain_outline_path"""": """"D:\\data\\output\\TileScan 006_N07_2__brain_outline.png"""", """"brain_outline_params"""": {""""accepted"""": true, """"thr"""": 170, """"close"""": 11, """"open"""": 5, """"smooth"""": 15, """"scale"""": 1.0, """"area_px"""": 5700042, """"perim_px"""": 11658.757823348045, """"non_complete_contour"""": false}, """"brain_mask_params"""": {""""accepted"""": true, """"thr_base"""": 169, """"thr"""": 169, """"pad"""": 50, """"pad_extra"""": 0, """"pad_effective"""": 50, """"seed_r"""": 40, """"close_r"""": 7, """"open_r"""": 3, """"max_side"""": 700, """"scale"""": 0.19151846785225718, """"area_px"""": 6220801, """"perim_px"""": 12458.902794241905}, """"geometry"""": {""""orig_shape_hw"""": [5502, 7310], """"ds_shape_hw"""": [2751, 3655], """"sx"""": 2.0, """"sy"""": 2.0, """"roi_ds"""": [1044, 690, 2875, 1259], """"roi_orig"""": [2088, 1380, 5750, 2518], """"downsample_factor"""": 2.0}, """"midline_params_ds"""": {""""midline_pts"""": """"[[1941.0, 327.0], [1946.0, 659.0], [1941.0, 863.0], [1944.0, 1080.0], [1938.0, 1198.0], [1929.0, 1446.0], [1935.0, 1648.0], [1935.0, 1910.0], [1938.0, 2017.0], [1935.0, 2164.0], [1949.0, 2394.0]]"""", """"area_left_px"""": 2832368, """"area_right_px"""": 2855898, """"perimeter_left_px"""": 5939.1104036569595, """"perimeter_right_px"""": 5859.907305240631, """"crop_x0"""": 286, """"crop_y0"""": 261, """"crop_x1"""": 3601, """"crop_y1"""": 2596, """"pad"""": 50}, """"midline_params_orig"""": {""""midline_pts"""": """"[[1941.0, 327.0], [1946.0, 659.0], [1941.0, 863.0], [1944.0, 1080.0], [1938.0, 1198.0], [1929.0, 1446.0], [1935.0, 1648.0], [1935.0, 1910.0], [1938.0, 2017.0], [1935.0, 2164.0], [1949.0, 2394.0]]"""", """"area_left_px"""": 2832368, """"area_right_px"""": 2855898, """"perimeter_left_px"""": 5939.1104036569595, """"perimeter_right_px"""": 5859.907305240631, """"crop_x0"""": 286, """"crop_y0"""": 261, """"crop_x1"""": 3601, """"crop_y1"""": 2596, """"pad"""": 50, """"crop_x0_orig"""": 572, """"crop_y0_orig"""": 522, """"crop_x1_orig"""": 7202, """"crop_y1_orig"""": 5192}, """"roi_ds"""": [1044, 690, 2875, 1259], """"roi_orig"""": [2088, 1380, 5750, 2518], """"params"""": {""""t1"""": 0.32644628099173556, """"t2"""": 0.66, """"x0"""": 1044, """"y0"""": 690, """"x1"""": 2875, """"y1"""": 1259, """"small_to_gray"""": true, """"small_N"""": 900, """"grid_on"""": true, """"grid_step"""": 200}}"""
"D:\data\input\TB_P28\Males\O11\TileScan 010_O11_1.tif,ok,,,,170,11,5,5,1.0,5532791,11087.741454839706,True,""{""""accepted"""": true, """"thr"""": 170, """"close"""": 11, """"open"""": 5, """"smooth"""": 5, """"scale"""": 1.0, """"area_px"""": 5532791, """"perim_px"""": 11087.741454839706, """"non_complete_contour"""": false}"",,,,,,,,,,,,620768,3919.9423364400864,608448,3944.9128988981247,,0.33,0.66,True,900,True,200,1084,703,2757,1312,""{""""t1"""": 0.33, """"t2"""": 0.66, """"x0"""": 1084, """"y0"""": 703, """"x1"""": 2757, """"y1"""": 1312, """"small_to_gray"""": true, """"small_N"""": 900, """"grid_on"""": true, """"grid_step"""": 200}"",""{""""overlay_path"""": """"D:\\data\\output\\TileScan 010_O11_1__hippocampus_overlay.png"""", """"brain_outline_path"""": """"D:\\data\\output\\TileScan 010_O11_1__brain_outline.png"""", """"brain_outline_params"""": {""""accepted"""": true, """"thr"""": 170, """"close"""": 11, """"open"""": 5, """"smooth"""": 5, """"scale"""": 1.0, """"area_px"""": 5532791, """"perim_px"""": 11087.741454839706, """"non_complete_contour"""": false}, """"brain_mask_params"""": {""""accepted"""": true, """"thr_base"""": 164, """"thr"""": 164, """"pad"""": 50, """"pad_extra"""": 0, """"pad_effective"""": 50, """"seed_r"""": 40, """"close_r"""": 7, """"open_r"""": 3, """"max_side"""": 700, """"scale"""": 0.19151846785225718, """"area_px"""": 5961926, """"perim_px"""": 12697.873356699944}, """"geometry"""": {""""orig_shape_hw"""": [5501, 7310], """"ds_shape_hw"""": [2750, 3655], """"sx"""": 2.0, """"sy"""": 2.0003636363636366, """"roi_ds"""": [1084, 703, 2757, 1312], """"roi_orig"""": [2168, 1406, 5514, 2624], """"downsample_factor"""": 2.0}, """"midline_params_ds"""": {""""midline_pts"""": """"[[1924.0, 378.0], [1927.0, 757.0], [1924.0, 862.0], [1933.0, 1064.0], [1910.0, 1255.0], [1921.0, 1396.0], [1913.0, 1503.0], [1919.0, 1734.0], [1933.0, 1903.0], [1935.0, 2251.0], [1938.0, 2325.0], [1938.0, 2443.0]]"""", """"area_left_px"""": 2785498, """"area_right_px"""": 2736371, """"perimeter_left_px"""": 5677.101175427437, """"perimeter_right_px"""": 5619.478811144829, """"crop_x0"""": 267, """"crop_y0"""": 341, """"crop_x1"""": 3567, """"crop_y1"""": 2620, """"pad"""": 50}, """"midline_params_orig"""": {""""midline_pts"""": """"[[1924.0, 378.0], [1927.0, 757.0], [1924.0, 862.0], [1933.0, 1064.0], [1910.0, 1255.0], [1921.0, 1396.0], [1913.0, 1503.0], [1919.0, 1734.0], [1933.0, 1903.0], [1935.0, 2251.0], [1938.0, 2325.0], [1938.0, 2443.0]]"""", """"area_left_px"""": 2785498, """"area_right_px"""": 2736371, """"perimeter_left_px"""": 5677.101175427437, """"perimeter_right_px"""": 5619.478811144829, """"crop_x0"""": 267, """"crop_y0"""": 341, """"crop_x1"""": 3567, """"crop_y1"""": 2620, """"pad"""": 50, """"crop_x0_orig"""": 534, """"crop_y0_orig"""": 682, """"crop_x1_orig"""": 7134, """"crop_y1_orig"""": 5241}, """"roi_ds"""": [1084, 703, 2757, 1312], """"roi_orig"""": [2168, 1406, 5514, 2624], """"params"""": {""""t1"""": 0.33, """"t2"""": 0.66, """"x0"""": 1084, """"y0"""": 703, """"x1"""": 2757, """"y1"""": 1312, """"small_to_gray"""": true, """"small_N"""": 900, """"grid_on"""": true, """"grid_step"""": 200}}"""
"D:\data\input\TB_P28\Males\O11\TileScan 011_O11_2.tif,ok,,,,170,11,5,15,1.0,5632599,11043.991235733032,True,""{""""accepted"""": true, """"thr"""": 170, """"close"""": 11, """"open"""": 5, """"smooth"""": 15, """"scale"""": 1.0, """"area_px"""": 5632599, """"perim_px"""": 11043.991235733032, """"non_complete_contour"""": false}"",,,,,,,,,,,,729356,4424.209362268448,714740,4463.523070573807,,0.3347107438016529,0.66,True,900,True,200,1063,649,2784,1238,""{""""t1"""": 0.3347107438016529, """"t2"""": 0.66, """"x0"""": 1063, """"y0"""": 649, """"x1"""": 2784, """"y1"""": 1238, """"small_to_gray"""": true, """"small_N"""": 900, """"grid_on"""": true, """"grid_step"""": 200}"",""{""""overlay_path"""": """"D:\\data\\output\\TileScan 011_O11_2__hippocampus_overlay.png"""", """"brain_outline_path"""": """"D:\\data\\output\\TileScan 011_O11_2__brain_outline.png"""", """"brain_outline_params"""": {""""accepted"""": true, """"thr"""": 170, """"close"""": 11, """"open"""": 5, """"smooth"""": 15, """"scale"""": 1.0, """"area_px"""": 5632599, """"perim_px"""": 11043.991235733032, """"non_complete_contour"""": false}, """"brain_mask_params"""": {""""accepted"""": true, """"thr_base"""": 181, """"thr"""": 181, """"pad"""": 50, """"pad_extra"""": 0, """"pad_effective"""": 50, """"seed_r"""": 40, """"close_r"""": 7, """"open_r"""": 3, """"max_side"""": 700, """"scale"""": 0.19167579408543264, """"area_px"""": 6197731, """"perim_px"""": 12390.417513012886}, """"geometry"""": {""""orig_shape_hw"""": [5500, 7305], """"ds_shape_hw"""": [2750, 3652], """"sx"""": 2.000273822562979, """"sy"""": 2.0, """"roi_ds"""": [1063, 649, 2784, 1238], """"roi_orig"""": [2126, 1298, 5569, 2476], """"downsample_factor"""": 2.0}, """"midline_params_ds"""": {""""midline_pts"""": """"[[1935.0, 343.0], [1935.0, 708.0], [1933.0, 808.0], [1921.0, 866.0], [1921.0, 981.0], [1918.0, 1098.0], [1907.0, 1245.0], [1907.0, 1340.0], [1904.0, 1452.0], [1910.0, 1679.0], [1913.0, 1914.0], [1915.0, 2064.0], [1913.0, 2314.0], [1913.497314453125, 2424.203857421875]]"""", """"area_left_px"""": 2846121, """"area_right_px"""": 2776837, """"perimeter_left_px"""": 5420.498144030571, """"perimeter_right_px"""": 5690.363148927689, """"crop_x0"""": 252, """"crop_y0"""": 271, """"crop_x1"""": 3568, """"crop_y1"""": 2598, """"pad"""": 50}, """"midline_params_orig"""": {""""midline_pts"""": """"[[1935.0, 343.0], [1935.0, 708.0], [1933.0, 808.0], [1921.0, 866.0], [1921.0, 981.0], [1918.0, 1098.0], [1907.0, 1245.0], [1907.0, 1340.0], [1904.0, 1452.0], [1910.0, 1679.0], [1913.0, 1914.0], [1915.0, 2064.0], [1913.0, 2314.0], [1913.497314453125, 2424.203857421875]]"""", """"area_left_px"""": 2846121, """"area_right_px"""": 2776837, """"perimeter_left_px"""": 5420.498144030571, """"perimeter_right_px"""": 5690.363148927689, """"crop_x0"""": 252, """"crop_y0"""": 271, """"crop_x1"""": 3568, """"crop_y1"""": 2598, """"pad"""": 50, """"crop_x0_orig"""": 504, """"crop_y0_orig"""": 542, """"crop_x1_orig"""": 7137, """"crop_y1_orig"""": 5196}, """"roi_ds"""": [1063, 649, 2784, 1238], """"roi_orig"""": [2126, 1298, 5569, 2476], """"params"""": {""""t1"""": 0.3347107438016529, """"t2"""": 0.66, """"x0"""": 1063, """"y0"""": 649, """"x1"""": 2784, """"y1"""": 1238, """"small_to_gray"""": true, """"small_N"""": 900, """"grid_on"""": true, """"grid_step"""": 200}}"""
"D:\data\input\TB_P28\Males\O11\TileScan 012_O11_3.tif,ok,,,,197,11,5,15,1.0,5740732,13044.644249081612,True,""{""""accepted"""": true, """"thr"""": 197, """"close"""": 11, """"open"""": 5, """"smooth"""": 15, """"scale"""": 1.0, """"area_px"""": 5740732, """"perim_px"""": 13044.644249081612, """"non_complete_contour"""": true, """"corrected"""": false, """"correction_type"""": """"none""""}"",,,,,,,,,,,,849096,4973.530210852623,842920,4859.103804707527,,0.3305785123966942,0.6611570247933884,True,900,True,200,1007,666,2911,1259,""{""""t1"""": 0.3305785123966942, """"t2"""": 0.6611570247933884, """"x0"""": 1007, """"y0"""": 666, """"x1"""": 2911, """"y1"""": 1259, """"small_to_gray"""": true, """"small_N"""": 900, """"grid_on"""": true, """"grid_step"""": 200}"",""{""""overlay_path"""": """"D:\\data\\output\\TileScan 012_O11_3__hippocampus_overlay.png"""", """"brain_outline_path"""": """"D:\\data\\output\\TileScan 012_O11_3__brain_outline.png"""", """"brain_outline_params"""": {""""accepted"""": true, """"thr"""": 197, """"close"""": 11, """"open"""": 5, """"smooth"""": 15, """"scale"""": 1.0, """"area_px"""": 5740732, """"perim_px"""": 13044.644249081612, """"non_complete_contour"""": true, """"corrected"""": false, """"correction_type"""": """"none""""}, """"brain_mask_params"""": {""""accepted"""": true, """"thr_base"""": 190, """"thr"""": 190, """"pad"""": 50, """"pad_extra"""": 0, """"pad_effective"""": 50, """"seed_r"""": 40, """"close_r"""": 7, """"open_r"""": 3, """"max_side"""": 700, """"scale"""": 0.19157088122605365, """"area_px"""": 6425510, """"perim_px"""": 12798.701783776283}, """"geometry"""": {""""orig_shape_hw"""": [5503, 7309], """"ds_shape_hw"""": [2752, 3654], """"sx"""": 2.0002736726874657, """"sy"""": 1.9996366279069768, """"roi_ds"""": [1007, 666, 2911, 1259], """"roi_orig"""": [2014, 1332, 5823, 2518], """"downsample_factor"""": 2.0}, """"midline_params_ds"""": {""""midline_pts"""": """"[[1909.0, 305.0], [1913.1219482421875, 385.952392578125], [1924.0, 611.0], [1939.0, 756.0], [1942.0, 939.0], [1966.0, 1299.0], [1969.0, 1567.0], [1996.0, 1969.0], [2002.0, 2372.0], [2008.0, 2477.0]]"""", """"area_left_px"""": 2913785, """"area_right_px"""": 2816910, """"perimeter_left_px"""": 6112.926638126373, """"perimeter_right_px"""": 7713.354255795479, """"crop_x0"""": 296, """"crop_y0"""": 251, """"crop_x1"""": 3641, """"crop_y1"""": 2684, """"pad"""": 50}, """"midline_params_orig"""": {""""midline_pts"""": """"[[1909.0, 305.0], [1913.1219482421875, 385.952392578125], [1924.0, 611.0], [1939.0, 756.0], [1942.0, 939.0], [1966.0, 1299.0], [1969.0, 1567.0], [1996.0, 1969.0], [2002.0, 2372.0], [2008.0, 2477.0]]"""", """"area_left_px"""": 2913785, """"area_right_px"""": 2816910, """"perimeter_left_px"""": 6112.926638126373, """"perimeter_right_px"""": 7713.354255795479, """"crop_x0"""": 296, """"crop_y0"""": 251, """"crop_x1"""": 3641, """"crop_y1"""": 2684, """"pad"""": 50, """"crop_x0_orig"""": 592, """"crop_y0_orig"""": 502, """"crop_x1_orig"""": 7283, """"crop_y1_orig"""": 5367}, """"roi_ds"""": [1007, 666, 2911, 1259], """"roi_orig"""": [2014, 1332, 5823, 2518], """"params"""": {""""t1"""": 0.3305785123966942, """"t2"""": 0.6611570247933884, """"x0"""": 1007, """"y0"""": 666, """"x1"""": 2911, """"y1"""": 1259, """"small_to_gray"""": true, """"small_N"""": 900, """"grid_on"""": true, """"grid_step"""": 200}}"""
"D:\data\input\TB_P28\Males\O11\TileScan 013_O11_4.tif,ok,,,,170,11,5,15,1.0,5793529,11847.218719363213,True,""{""""accepted"""": true, """"thr"""": 170, """"close"""": 11, """"open"""": 5, """"smooth"""": 15, """"scale"""": 1.0, """"area_px"""": 5793529, """"perim_px"""": 11847.218719363213, """"non_complete_contour"""": false}"",,,,,,,,,,,,904324,5360.039877295494,914236,5762.951564669609,,0.3389830508474576,0.66,True,900,True,200,922,699,2936,1198,""{""""t1"""": 0.3389830508474576, """"t2"""": 0.66, """"x0"""": 922, """"y0"""": 699, """"x1"""": 2936, """"y1"""": 1198, """"small_to_gray"""": true, """"small_N"""": 900, """"grid_on"""": true, """"grid_step"""": 200}"",""{""""overlay_path"""": """"D:\\data\\output\\TileScan 013_O11_4__hippocampus_overlay.png"""", """"brain_outline_path"""": """"D:\\data\\output\\TileScan 013_O11_4__brain_outline.png"""", """"brain_outline_params"""": {""""accepted"""": true, """"thr"""": 170, """"close"""": 11, """"open"""": 5, """"smooth"""": 15, """"scale"""": 1.0, """"area_px"""": 5793529, """"perim_px"""": 11847.218719363213, """"non_complete_contour"""": false}, """"brain_mask_params"""": {""""accepted"""": true, """"thr_base"""": 164, """"thr"""": 164, """"pad"""": 50, """"pad_extra"""": 0, """"pad_effective"""": 50, """"seed_r"""": 40, """"close_r"""": 7, """"open_r"""": 3, """"max_side"""": 700, """"scale"""": 0.19151846785225718, """"area_px"""": 6258480, """"perim_px"""": 12909.22869515419}, """"geometry"""": {""""orig_shape_hw"""": [5502, 7310], """"ds_shape_hw"""": [2751, 3655], """"sx"""": 2.0, """"sy"""": 2.0, """"roi_ds"""": [922, 699, 2936, 1198], """"roi_orig"""": [1844, 1398, 5872, 2396], """"downsample_factor"""": 2.0}, """"midline_params_ds"""": {""""midline_pts"""": """"[[1895.0, 299.0], [1919.0, 608.0], [1934.0, 767.0], [1931.0, 940.0], [1952.0, 1276.0], [1964.0, 1489.0], [1976.0, 1654.0], [1994.0, 1906.0], [2009.0, 2088.0], [2021.0, 2469.0]]"""", """"area_left_px"""": 2915976, """"area_right_px"""": 2868124, """"perimeter_left_px"""": 6022.054492950439, """"perimeter_right_px"""": 5962.831185221672, """"crop_x0"""": 276, """"crop_y0"""": 248, """"crop_x1"""": 3646, """"crop_y1"""": 2676, """"pad"""": 50}, """"midline_params_orig"""": {""""midline_pts"""": """"[[1895.0, 299.0], [1919.0, 608.0], [1934.0, 767.0], [1931.0, 940.0], [1952.0, 1276.0], [1964.0, 1489.0], [1976.0, 1654.0], [1994.0, 1906.0], [2009.0, 2088.0], [2021.0, 2469.0]]"""", """"area_left_px"""": 2915976, """"area_right_px"""": 2868124, """"perimeter_left_px"""": 6022.054492950439, """"perimeter_right_px"""": 5962.831185221672, """"crop_x0"""": 276, """"crop_y0"""": 248, """"crop_x1"""": 3646, """"crop_y1"""": 2676, """"pad"""": 50, """"crop_x0_orig"""": 552, """"crop_y0_orig"""": 496, """"crop_x1_orig"""": 7292, """"crop_y1_orig"""": 5352}, """"roi_ds"""": [922, 699, 2936, 1198], """"roi_orig"""": [1844, 1398, 5872, 2396], """"params"""": {""""t1"""": 0.3389830508474576, """"t2"""": 0.66, """"x0"""": 922, """"y0"""": 699, """"x1"""": 2936, """"y1"""": 1198, """"small_to_gray"""": true, """"small_N"""": 900, """"grid_on"""": true, """"grid_step"""": 200}}"""
"D:\data\input\TB_P28\Males\O11\TileScan 014_O11_5.tif,ok,,,,170,11,5,15,1.0,5734681,12731.458395600319,True,""{""""accepted"""": true, """"thr"""": 170, """"close"""": 11, """"open"""": 5, """"smooth"""": 15, """"scale"""": 1.0, """"area_px"""": 5734681, """"perim_px"""": 12731.458395600319, """"non_complete_contour"""": false}"",,,,,,,,,,,,989040,5871.738361597061,947944,5887.721116662025,,0.3389830508474576,0.66,True,900,True,200,881,617,3045,1222,""{""""t1"""": 0.3389830508474576, """"t2"""": 0.66, """"x0"""": 881, """"y0"""": 617, """"x1"""": 3045, """"y1"""": 1222, """"small_to_gray"""": true, """"small_N"""": 900, """"grid_on"""": true, """"grid_step"""": 200}"",""{""""overlay_path"""": """"D:\\data\\output\\TileScan 014_O11_5__hippocampus_overlay.png"""", """"brain_outline_path"""": """"D:\\data\\output\\TileScan 014_O11_5__brain_outline.png"""", """"brain_outline_params"""": {""""accepted"""": true, """"thr"""": 170, """"close"""": 11, """"open"""": 5, """"smooth"""": 15, """"scale"""": 1.0, """"area_px"""": 5734681, """"perim_px"""": 12731.458395600319, """"non_complete_contour"""": false}, """"brain_mask_params"""": {""""accepted"""": true, """"thr_base"""": 146, """"thr"""": 146, """"pad"""": 50, """"pad_extra"""": 4, """"pad_effective"""": 54, """"seed_r"""": 40, """"close_r"""": 7, """"open_r"""": 3, """"max_side"""": 700, """"scale"""": 0.19157088122605365, """"area_px"""": 6245684, """"perim_px"""": 13105.245940089226}, """"geometry"""": {""""orig_shape_hw"""": [5500, 7308], """"ds_shape_hw"""": [2750, 3654], """"sx"""": 2.0, """"sy"""": 2.0, """"roi_ds"""": [881, 617, 3045, 1222], """"roi_orig"""": [1762, 1234, 6090, 2444], """"downsample_factor"""": 2.0}, """"midline_params_ds"""": {""""midline_pts"""": """"[[2008.0, 333.0], [2005.0, 542.0], [2002.0, 719.0], [1999.0, 856.0], [1993.0, 1039.0], [1942.0, 1284.0], [1951.0, 1844.0], [1951.0, 2252.0], [1953.0, 2355.0], [1951.0, 2429.0]]"""", """"area_left_px"""": 2883312, """"area_right_px"""": 2838820, """"perimeter_left_px"""": 6370.45354950428, """"perimeter_right_px"""": 6804.075913786888, """"crop_x0"""": 183, """"crop_y0"""": 279, """"crop_x1"""": 3654, """"crop_y1"""": 2592, """"pad"""": 50}, """"midline_params_orig"""": {""""midline_pts"""": """"[[2008.0, 333.0], [2005.0, 542.0], [2002.0, 719.0], [1999.0, 856.0], [1993.0, 1039.0], [1942.0, 1284.0], [1951.0, 1844.0], [1951.0, 2252.0], [1953.0, 2355.0], [1951.0, 2429.0]]"""", """"area_left_px"""": 2883312, """"area_right_px"""": 2838820, """"perimeter_left_px"""": 6370.45354950428, """"perimeter_right_px"""": 6804.075913786888, """"crop_x0"""": 183, """"crop_y0"""": 279, """"crop_x1"""": 3654, """"crop_y1"""": 2592, """"pad"""": 50, """"crop_x0_orig"""": 366, """"crop_y0_orig"""": 558, """"crop_x1_orig"""": 7308, """"crop_y1_orig"""": 5184}, """"roi_ds"""": [881, 617, 3045, 1222], """"roi_orig"""": [1762, 1234, 6090, 2444], """"params"""": {""""t1"""": 0.3389830508474576, """"t2"""": 0.66, """"x0"""": 881, """"y0"""": 617, """"x1"""": 3045, """"y1"""": 1222, """"small_to_gray"""": true, """"small_N"""": 900, """"grid_on"""": true, """"grid_step"""": 200}}"""
"D:\data\input\TB_P28\Males\U05\TileScan 001_000_U05_3.tif,ok,,,,170,11,5,15,1.0,5875363,12362.169072508812,True,""{""""accepted"""": true, """"thr"""": 170, """"close"""": 11, """"open"""": 5, """"smooth"""": 15, """"scale"""": 1.0, """"area_px"""": 5875363, """"perim_px"""": 12362.169072508812, """"non_complete_contour"""": false}"",,,,,,,,,,,,845844,4920.861164093018,832656,4955.589085936546,,0.33,0.66,True,900,True,200,860,528,2797,1112,""{""""t1"""": 0.33, """"t2"""": 0.66, """"x0"""": 860, """"y0"""": 528, """"x1"""": 2797, """"y1"""": 1112, """"small_to_gray"""": true, """"small_N"""": 900, """"grid_on"""": true, """"grid_step"""": 200}"",""{""""overlay_path"""": """"D:\\data\\output\\TileScan 001_000_U05_3__hippocampus_overlay.png"""", """"brain_outline_path"""": """"D:\\data\\output\\TileScan 001_000_U05_3__brain_outline.png"""", """"brain_outline_params"""": {""""accepted"""": true, """"thr"""": 170, """"close"""": 11, """"open"""": 5, """"smooth"""": 15, """"scale"""": 1.0, """"area_px"""": 5875363, """"perim_px"""": 12362.169072508812, """"non_complete_contour"""": false}, """"brain_mask_params"""": {""""accepted"""": true, """"thr_base"""": 197, """"thr"""": 197, """"pad"""": 50, """"pad_extra"""": 0, """"pad_effective"""": 50, """"seed_r"""": 40, """"close_r"""": 7, """"open_r"""": 3, """"max_side"""": 700, """"scale"""": 0.19162332329592116, """"area_px"""": 6517536, """"perim_px"""": 12830.802289009094}, """"geometry"""": {""""orig_shape_hw"""": [5504, 7306], """"ds_shape_hw"""": [2752, 3653], """"sx"""": 2.0, """"sy"""": 2.0, """"roi_ds"""": [860, 528, 2797, 1112], """"roi_orig"""": [1720, 1056, 5594, 2224], """"downsample_factor"""": 2.0}, """"midline_params_ds"""": {""""midline_pts"""": """"[[1866.0, 170.0], [1860.0, 478.0], [1857.0, 610.0], [1848.0, 723.0], [1857.0, 843.0], [1854.0, 960.0], [1863.0, 1133.0], [1863.0, 1436.0], [1854.0, 1573.0], [1845.0, 1828.0], [1839.0, 2097.0], [1839.0, 2247.0], [1842.0, 2336.0]]"""", """"area_left_px"""": 2958436, """"area_right_px"""": 2905758, """"perimeter_left_px"""": 6272.531757473946, """"perimeter_right_px"""": 6366.188611626625, """"crop_x0"""": 166, """"crop_y0"""": 101, """"crop_x1"""": 3559, """"crop_y1"""": 2525, """"pad"""": 50}, """"midline_params_orig"""": {""""midline_pts"""": """"[[1866.0, 170.0], [1860.0, 478.0], [1857.0, 610.0], [1848.0, 723.0], [1857.0, 843.0], [1854.0, 960.0], [1863.0, 1133.0], [1863.0, 1436.0], [1854.0, 1573.0], [1845.0, 1828.0], [1839.0, 2097.0], [1839.0, 2247.0], [1842.0, 2336.0]]"""", """"area_left_px"""": 2958436, """"area_right_px"""": 2905758, """"perimeter_left_px"""": 6272.531757473946, """"perimeter_right_px"""": 6366.188611626625, """"crop_x0"""": 166, """"crop_y0"""": 101, """"crop_x1"""": 3559, """"crop_y1"""": 2525, """"pad"""": 50, """"crop_x0_orig"""": 332, """"crop_y0_orig"""": 202, """"crop_x1_orig"""": 7118, """"crop_y1_orig"""": 5050}, """"roi_ds"""": [860, 528, 2797, 1112], """"roi_orig"""": [1720, 1056, 5594, 2224], """"params"""": {""""t1"""": 0.33, """"t2"""": 0.66, """"x0"""": 860, """"y0"""": 528, """"x1"""": 2797, """"y1"""": 1112, """"small_to_gray"""": true, """"small_N"""": 900, """"grid_on"""": true, """"grid_step"""": 200}}"""
"D:\data\input\TB_P28\Males\U05\TileScan 001_U05_1.tif,ok,,,,170,11,5,15,1.0,5594429,11410.324276924133,True,""{""""accepted"""": true, """"thr"""": 170, """"close"""": 11, """"open"""": 5, """"smooth"""": 15, """"scale"""": 1.0, """"area_px"""": 5594429, """"perim_px"""": 11410.324276924133, """"non_complete_contour"""": false}"",,,,,,,,,,,,606884,4032.2438521385193,594004,3961.2144145965576,,0.33,0.66,True,900,True,200,1043,715,2659,1259,""{""""t1"""": 0.33, """"t2"""": 0.66, """"x0"""": 1043, """"y0"""": 715, """"x1"""": 2659, """"y1"""": 1259, """"small_to_gray"""": true, """"small_N"""": 900, """"grid_on"""": true, """"grid_step"""": 200}"",""{""""overlay_path"""": """"D:\\data\\output\\TileScan 001_U05_1__hippocampus_overlay.png"""", """"brain_outline_path"""": """"D:\\data\\output\\TileScan 001_U05_1__brain_outline.png"""", """"brain_outline_params"""": {""""accepted"""": true, """"thr"""": 170, """"close"""": 11, """"open"""": 5, """"smooth"""": 15, """"scale"""": 1.0, """"area_px"""": 5594429, """"perim_px"""": 11410.324276924133, """"non_complete_contour"""": false}, """"brain_mask_params"""": {""""accepted"""": true, """"thr_base"""": 169, """"thr"""": 169, """"pad"""": 50, """"pad_extra"""": 0, """"pad_effective"""": 50, """"seed_r"""": 40, """"close_r"""": 7, """"open_r"""": 3, """"max_side"""": 700, """"scale"""": 0.19157088122605365, """"area_px"""": 6143199, """"perim_px"""": 12151.848971486092}, """"geometry"""": {""""orig_shape_hw"""": [5504, 7308], """"ds_shape_hw"""": [2752, 3654], """"sx"""": 2.0, """"sy"""": 2.0, """"roi_ds"""": [1043, 715, 2659, 1259], """"roi_orig"""": [2086, 1430, 5318, 2518], """"downsample_factor"""": 2.0}, """"midline_params_ds"""": {""""midline_pts"""": """"[[1862.0, 371.0], [1868.0, 679.0], [1865.0, 798.0], [1862.0, 1026.0], [1877.0, 1257.0], [1879.0, 1597.0], [1868.0, 1919.0], [1874.0, 2212.0], [1879.0, 2312.0], [1885.0, 2432.0]]"""", """"area_left_px"""": 2821913, """"area_right_px"""": 2760433, """"perimeter_left_px"""": 5670.8656750917435, """"perimeter_right_px"""": 5866.370289206505, """"crop_x0"""": 209, """"crop_y0"""": 291, """"crop_x1"""": 3522, """"crop_y1"""": 2600, """"pad"""": 50}, """"midline_params_orig"""": {""""midline_pts"""": """"[[1862.0, 371.0], [1868.0, 679.0], [1865.0, 798.0], [1862.0, 1026.0], [1877.0, 1257.0], [1879.0, 1597.0], [1868.0, 1919.0], [1874.0, 2212.0], [1879.0, 2312.0], [1885.0, 2432.0]]"""", """"area_left_px"""": 2821913, """"area_right_px"""": 2760433, """"perimeter_left_px"""": 5670.8656750917435, """"perimeter_right_px"""": 5866.370289206505, """"crop_x0"""": 209, """"crop_y0"""": 291, """"crop_x1"""": 3522, """"crop_y1"""": 2600, """"pad"""": 50, """"crop_x0_orig"""": 418, """"crop_y0_orig"""": 582, """"crop_x1_orig"""": 7044, """"crop_y1_orig"""": 5200}, """"roi_ds"""": [1043, 715, 2659, 1259], """"roi_orig"""": [2086, 1430, 5318, 2518], """"params"""": {""""t1"""": 0.33, """"t2"""": 0.66, """"x0"""": 1043, """"y0"""": 715, """"x1"""": 2659, """"y1"""": 1259, """"small_to_gray"""": true, """"small_N"""": 900, """"grid_on"""": true, """"grid_step"""": 200}}"""
"D:\data\input\TB_P28\Males\U05\TileScan 002_U05_2.tif,ok,,,,195,11,5,15,1.0,5861398,11780.858328580856,True,""{""""accepted"""": true, """"thr"""": 195, """"close"""": 11, """"open"""": 5, """"smooth"""": 15, """"scale"""": 1.0, """"area_px"""": 5861398, """"perim_px"""": 11780.858328580856, """"non_complete_contour"""": false}"",,,,,,,,,,,,782636,4582.16773211956,735048,4487.925091505051,,0.33,0.66,True,900,True,200,1067,682,2841,1311,""{""""t1"""": 0.33, """"t2"""": 0.66, """"x0"""": 1067, """"y0"""": 682, """"x1"""": 2841, """"y1"""": 1311, """"small_to_gray"""": true, """"small_N"""": 900, """"grid_on"""": true, """"grid_step"""": 200}"",""{""""overlay_path"""": """"D:\\data\\output\\TileScan 002_U05_2__hippocampus_overlay.png"""", """"brain_outline_path"""": """"D:\\data\\output\\TileScan 002_U05_2__brain_outline.png"""", """"brain_outline_params"""": {""""accepted"""": true, """"thr"""": 195, """"close"""": 11, """"open"""": 5, """"smooth"""": 15, """"scale"""": 1.0, """"area_px"""": 5861398, """"perim_px"""": 11780.858328580856, """"non_complete_contour"""": false}, """"brain_mask_params"""": {""""accepted"""": true, """"thr_base"""": 176, """"thr"""": 176, """"pad"""": 50, """"pad_extra"""": 0, """"pad_effective"""": 50, """"seed_r"""": 40, """"close_r"""": 7, """"open_r"""": 3, """"max_side"""": 700, """"scale"""": 0.19162332329592116, """"area_px"""": 6369594, """"perim_px"""": 12819.287570238113}, """"geometry"""": {""""orig_shape_hw"""": [5502, 7306], """"ds_shape_hw"""": [2751, 3653], """"sx"""": 2.0, """"sy"""": 2.0, """"roi_ds"""": [1067, 682, 2841, 1311], """"roi_orig"""": [2134, 1364, 5682, 2622], """"downsample_factor"""": 2.0}, """"midline_params_ds"""": {""""midline_pts"""": """"[[1960.0, 369.0], [1952.0, 727.0], [1949.0, 907.0], [1943.0, 1035.0], [1946.0, 1277.0], [1934.0, 1605.0], [1917.0, 1855.0], [1925.0, 1966.0], [1925.0, 2201.0], [1931.0, 2349.0], [1920.0, 2469.0]]"""", """"area_left_px"""": 2953501, """"area_right_px"""": 2895492, """"perimeter_left_px"""": 5782.213873267174, """"perimeter_right_px"""": 6525.029231309891, """"crop_x0"""": 245, """"crop_y0"""": 291, """"crop_x1"""": 3649, """"crop_y1"""": 2646, """"pad"""": 50}, """"midline_params_orig"""": {""""midline_pts"""": """"[[1960.0, 369.0], [1952.0, 727.0], [1949.0, 907.0], [1943.0, 1035.0], [1946.0, 1277.0], [1934.0, 1605.0], [1917.0, 1855.0], [1925.0, 1966.0], [1925.0, 2201.0], [1931.0, 2349.0], [1920.0, 2469.0]]"""", """"area_left_px"""": 2953501, """"area_right_px"""": 2895492, """"perimeter_left_px"""": 5782.213873267174, """"perimeter_right_px"""": 6525.029231309891, """"crop_x0"""": 245, """"crop_y0"""": 291, """"crop_x1"""": 3649, """"crop_y1"""": 2646, """"pad"""": 50, """"crop_x0_orig"""": 490, """"crop_y0_orig"""": 582, """"crop_x1_orig"""": 7298, """"crop_y1_orig"""": 5292}, """"roi_ds"""": [1067, 682, 2841, 1311], """"roi_orig"""": [2134, 1364, 5682, 2622], """"params"""": {""""t1"""": 0.33, """"t2"""": 0.66, """"x0"""": 1067, """"y0"""": 682, """"x1"""": 2841, """"y1"""": 1311, """"small_to_gray"""": true, """"small_N"""": 900, """"grid_on"""": true, """"grid_step"""": 200}}"""
"D:\data\input\TB_P28\Males\U05\TileScan 003_U05_4.tif,ok,,,,170,11,5,15,1.0,5923609,12792.318348169327,True,""{""""accepted"""": true, """"thr"""": 170, """"close"""": 11, """"open"""": 5, """"smooth"""": 15, """"scale"""": 1.0, """"area_px"""": 5923609, """"perim_px"""": 12792.318348169327, """"non_complete_contour"""": false}"",,,,,,,,,,,,950284,5366.40026807785,897988,5388.525158524513,,0.33,0.66,True,900,True,200,922,682,3021,1230,""{""""t1"""": 0.33, """"t2"""": 0.66, """"x0"""": 922, """"y0"""": 682, """"x1"""": 3021, """"y1"""": 1230, """"small_to_gray"""": true, """"small_N"""": 900, """"grid_on"""": true, """"grid_step"""": 200}"",""{""""overlay_path"""": """"D:\\data\\output\\TileScan 003_U05_4__hippocampus_overlay.png"""", """"brain_outline_path"""": """"D:\\data\\output\\TileScan 003_U05_4__brain_outline.png"""", """"brain_outline_params"""": {""""accepted"""": true, """"thr"""": 170, """"close"""": 11, """"open"""": 5, """"smooth"""": 15, """"scale"""": 1.0, """"area_px"""": 5923609, """"perim_px"""": 12792.318348169327, """"non_complete_contour"""": false}, """"brain_mask_params"""": {""""accepted"""": true, """"thr_base"""": 168, """"thr"""": 168, """"pad"""": 50, """"pad_extra"""": 0, """"pad_effective"""": 50, """"seed_r"""": 40, """"close_r"""": 7, """"open_r"""": 3, """"max_side"""": 700, """"scale"""": 0.19157088122605365, """"area_px"""": 6536436, """"perim_px"""": 12968.843919157982}, """"geometry"""": {""""orig_shape_hw"""": [5504, 7307], """"ds_shape_hw"""": [2752, 3654], """"sx"""": 1.9997263273125343, """"sy"""": 2.0, """"roi_ds"""": [922, 682, 3021, 1230], """"roi_orig"""": [1844, 1364, 6041, 2460], """"downsample_factor"""": 2.0}, """"midline_params_ds"""": {""""midline_pts"""": """"[[1994.0, 325.0], [1973.0, 827.0], [1979.0, 958.0], [1979.0, 1275.0], [1982.0, 1553.0], [1965.0, 1855.0], [1965.0, 2088.0], [1962.0, 2226.0], [1968.0, 2396.0], [1971.0, 2492.0]]"""", """"area_left_px"""": 2997803, """"area_right_px"""": 2915739, """"perimeter_left_px"""": 6289.502319931984, """"perimeter_right_px"""": 6798.68103313446, """"crop_x0"""": 225, """"crop_y0"""": 238, """"crop_x1"""": 3654, """"crop_y1"""": 2659, """"pad"""": 50}, """"midline_params_orig"""": {""""midline_pts"""": """"[[1994.0, 325.0], [1973.0, 827.0], [1979.0, 958.0], [1979.0, 1275.0], [1982.0, 1553.0], [1965.0, 1855.0], [1965.0, 2088.0], [1962.0, 2226.0], [1968.0, 2396.0], [1971.0, 2492.0]]"""", """"area_left_px"""": 2997803, """"area_right_px"""": 2915739, """"perimeter_left_px"""": 6289.502319931984, """"perimeter_right_px"""": 6798.68103313446, """"crop_x0"""": 225, """"crop_y0"""": 238, """"crop_x1"""": 3654, """"crop_y1"""": 2659, """"pad"""": 50, """"crop_x0_orig"""": 450, """"crop_y0_orig"""": 476, """"crop_x1_orig"""": 7307, """"crop_y1_orig"""": 5318}, """"roi_ds"""": [922, 682, 3021, 1230], """"roi_orig"""": [1844, 1364, 6041, 2460], """"params"""": {""""t1"""": 0.33, """"t2"""": 0.66, """"x0"""": 922, """"y0"""": 682, """"x1"""": 3021, """"y1"""": 1230, """"small_to_gray"""": true, """"small_N"""": 900, """"grid_on"""": true, """"grid_step"""": 200}}"""
"D:\data\input\TB_P28\Males\U05\TileScan 004_U05_5.tif,ok,,,,212,11,5,15,1.0,5897675,12977.84734749794,True,""{""""accepted"""": true, """"thr"""": 212, """"close"""": 11, """"open"""": 5, """"smooth"""": 15, """"scale"""": 1.0, """"area_px"""": 5897675, """"perim_px"""": 12977.84734749794, """"non_complete_contour"""": false}"",,,,,,,,,,,,987264,5722.917074799538,973972,5707.939372062683,,0.33,0.66,True,900,True,200,702,693,2885,1327,""{""""t1"""": 0.33, """"t2"""": 0.66, """"x0"""": 702, """"y0"""": 693, """"x1"""": 2885, """"y1"""": 1327, """"small_to_gray"""": true, """"small_N"""": 900, """"grid_on"""": true, """"grid_step"""": 200}"",""{""""overlay_path"""": """"D:\\data\\output\\TileScan 004_U05_5__hippocampus_overlay.png"""", """"brain_outline_path"""": """"D:\\data\\output\\TileScan 004_U05_5__brain_outline.png"""", """"brain_outline_params"""": {""""accepted"""": true, """"thr"""": 212, """"close"""": 11, """"open"""": 5, """"smooth"""": 15, """"scale"""": 1.0, """"area_px"""": 5897675, """"perim_px"""": 12977.84734749794, """"non_complete_contour"""": false}, """"brain_mask_params"""": {""""accepted"""": true, """"thr_base"""": 188, """"thr"""": 188, """"pad"""": 50, """"pad_extra"""": 0, """"pad_effective"""": 50, """"seed_r"""": 40, """"close_r"""": 7, """"open_r"""": 3, """"max_side"""": 700, """"scale"""": 0.19167579408543264, """"area_px"""": 6487576, """"perim_px"""": 12883.71397638321}, """"geometry"""": {""""orig_shape_hw"""": [5506, 7305], """"ds_shape_hw"""": [2753, 3652], """"sx"""": 2.000273822562979, """"sy"""": 2.0, """"roi_ds"""": [702, 693, 2885, 1327], """"roi_orig"""": [1404, 1386, 5771, 2654], """"downsample_factor"""": 2.0}, """"midline_params_ds"""": {""""midline_pts"""": """"[[1775.0, 335.0], [1784.0, 540.0], [1784.0, 717.0], [1799.0, 1054.0], [1818.0, 1336.0], [1833.0, 1643.0], [1848.0, 1823.0], [1860.0, 2118.0], [1881.0, 2542.0]]"""", """"area_left_px"""": 2968795, """"area_right_px"""": 2916835, """"perimeter_left_px"""": 6680.705418348312, """"perimeter_right_px"""": 7048.210032463074, """"crop_x0"""": 104, """"crop_y0"""": 263, """"crop_x1"""": 3551, """"crop_y1"""": 2698, """"pad"""": 50}, """"midline_params_orig"""": {""""midline_pts"""": """"[[1775.0, 335.0], [1784.0, 540.0], [1784.0, 717.0], [1799.0, 1054.0], [1818.0, 1336.0], [1833.0, 1643.0], [1848.0, 1823.0], [1860.0, 2118.0], [1881.0, 2542.0]]"""", """"area_left_px"""": 2968795, """"area_right_px"""": 2916835, """"perimeter_left_px"""": 6680.705418348312, """"perimeter_right_px"""": 7048.210032463074, """"crop_x0"""": 104, """"crop_y0"""": 263, """"crop_x1"""": 3551, """"crop_y1"""": 2698, """"pad"""": 50, """"crop_x0_orig"""": 208, """"crop_y0_orig"""": 526, """"crop_x1_orig"""": 7103, """"crop_y1_orig"""": 5396}, """"roi_ds"""": [702, 693, 2885, 1327], """"roi_orig"""": [1404, 1386, 5771, 2654], """"params"""": {""""t1"""": 0.33, """"t2"""": 0.66, """"x0"""": 702, """"y0"""": 693, """"x1"""": 2885, """"y1"""": 1327, """"small_to_gray"""": true, """"small_N"""": 900, """"grid_on"""": true, """"grid_step"""": 200}}"""
"D:\data\input\TB_P28\Males\W07\TileScan 010_W07_1.tif,ok,,,,170,11,5,15,1.0,5767363,11360.185105919838,True,""{""""accepted"""": true, """"thr"""": 170, """"close"""": 11, """"open"""": 5, """"smooth"""": 15, """"scale"""": 1.0, """"area_px"""": 5767363, """"perim_px"""": 11360.185105919838, """"non_complete_contour"""": false}"",,,,,,,,,,,,638452,4013.0306490659714,582676,3878.971773982048,,0.33,0.66,True,900,True,200,1043,706,2670,1221,""{""""t1"""": 0.33, """"t2"""": 0.66, """"x0"""": 1043, """"y0"""": 706, """"x1"""": 2670, """"y1"""": 1221, """"small_to_gray"""": true, """"small_N"""": 900, """"grid_on"""": true, """"grid_step"""": 200}"",""{""""overlay_path"""": """"D:\\data\\output\\TileScan 010_W07_1__hippocampus_overlay.png"""", """"brain_outline_path"""": """"D:\\data\\output\\TileScan 010_W07_1__brain_outline.png"""", """"brain_outline_params"""": {""""accepted"""": true, """"thr"""": 170, """"close"""": 11, """"open"""": 5, """"smooth"""": 15, """"scale"""": 1.0, """"area_px"""": 5767363, """"perim_px"""": 11360.185105919838, """"non_complete_contour"""": false}, """"brain_mask_params"""": {""""accepted"""": true, """"thr_base"""": 162, """"thr"""": 162, """"pad"""": 50, """"pad_extra"""": 0, """"pad_effective"""": 50, """"seed_r"""": 40, """"close_r"""": 7, """"open_r"""": 3, """"max_side"""": 700, """"scale"""": 0.19167579408543264, """"area_px"""": 6346049, """"perim_px"""": 12324.635768413544}, """"geometry"""": {""""orig_shape_hw"""": [5508, 7305], """"ds_shape_hw"""": [2754, 3652], """"sx"""": 2.000273822562979, """"sy"""": 2.0, """"roi_ds"""": [1043, 706, 2670, 1221], """"roi_orig"""": [2086, 1412, 5341, 2442], """"downsample_factor"""": 2.0}, """"midline_params_ds"""": {""""midline_pts"""": """"[[1832.0, 319.0], [1874.0, 866.0], [1895.0, 1072.0], [1907.0, 1216.0], [1960.0, 1841.0], [1975.0, 2026.0], [1990.0, 2244.0], [2005.0, 2412.0]]"""", """"area_left_px"""": 2887283, """"area_right_px"""": 2869185, """"perimeter_left_px"""": 5600.775274515152, """"perimeter_right_px"""": 5904.22101354599, """"crop_x0"""": 256, """"crop_y0"""": 211, """"crop_x1"""": 3589, """"crop_y1"""": 2633, """"pad"""": 50}, """"midline_params_orig"""": {""""midline_pts"""": """"[[1832.0, 319.0], [1874.0, 866.0], [1895.0, 1072.0], [1907.0, 1216.0], [1960.0, 1841.0], [1975.0, 2026.0], [1990.0, 2244.0], [2005.0, 2412.0]]"""", """"area_left_px"""": 2887283, """"area_right_px"""": 2869185, """"perimeter_left_px"""": 5600.775274515152, """"perimeter_right_px"""": 5904.22101354599, """"crop_x0"""": 256, """"crop_y0"""": 211, """"crop_x1"""": 3589, """"crop_y1"""": 2633, """"pad"""": 50, """"crop_x0_orig"""": 512, """"crop_y0_orig"""": 422, """"crop_x1_orig"""": 7179, """"crop_y1_orig"""": 5266}, """"roi_ds"""": [1043, 706, 2670, 1221], """"roi_orig"""": [2086, 1412, 5341, 2442], """"params"""": {""""t1"""": 0.33, """"t2"""": 0.66, """"x0"""": 1043, """"y0"""": 706, """"x1"""": 2670, """"y1"""": 1221, """"small_to_gray"""": true, """"small_N"""": 900, """"grid_on"""": true, """"grid_step"""": 200}}"""
"D:\data\input\TB_P28\Males\W07\TileScan 011_W07_2.tif,ok,,,,170,11,5,15,1.0,5743354,11425.932360649109,True,""{""""accepted"""": true, """"thr"""": 170, """"close"""": 11, """"open"""": 5, """"smooth"""": 15, """"scale"""": 1.0, """"area_px"""": 5743354, """"perim_px"""": 11425.932360649109, """"non_complete_contour"""": false}"",,,,,,,,,,,,758920,4430.268237352371,678560,4257.113909363747,,0.33,0.66,True,900,True,200,938,700,2706,1294,""{""""t1"""": 0.33, """"t2"""": 0.66, """"x0"""": 938, """"y0"""": 700, """"x1"""": 2706, """"y1"""": 1294, """"small_to_gray"""": true, """"small_N"""": 900, """"grid_on"""": true, """"grid_step"""": 200}"",""{""""overlay_path"""": """"D:\\data\\output\\TileScan 011_W07_2__hippocampus_overlay.png"""", """"brain_outline_path"""": """"D:\\data\\output\\TileScan 011_W07_2__brain_outline.png"""", """"brain_outline_params"""": {""""accepted"""": true, """"thr"""": 170, """"close"""": 11, """"open"""": 5, """"smooth"""": 15, """"scale"""": 1.0, """"area_px"""": 5743354, """"perim_px"""": 11425.932360649109, """"non_complete_contour"""": false}, """"brain_mask_params"""": {""""accepted"""": true, """"thr_base"""": 148, """"thr"""": 148, """"pad"""": 50, """"pad_extra"""": 0, """"pad_effective"""": 50, """"seed_r"""": 40, """"close_r"""": 7, """"open_r"""": 3, """"max_side"""": 700, """"scale"""": 0.19230769230769232, """"area_px"""": 6278459, """"perim_px"""": 12524.417513012886}, """"geometry"""": {""""orig_shape_hw"""": [5493, 7279], """"ds_shape_hw"""": [2746, 3640], """"sx"""": 1.9997252747252747, """"sy"""": 2.000364166059723, """"roi_ds"""": [938, 700, 2706, 1294], """"roi_orig"""": [1876, 1400, 5411, 2588], """"downsample_factor"""": 2.0}, """"midline_params_ds"""": {""""midline_pts"""": """"[[1806.0, 348.0], [1823.0, 724.0], [1826.0, 905.0], [1841.0, 1113.0], [1844.0, 1237.0], [1871.0, 1904.0], [1880.0, 2034.0], [1883.0, 2109.0], [1892.0, 2195.0], [1903.0, 2307.0], [1900.0, 2455.0]]"""", """"area_left_px"""": 2861562, """"area_right_px"""": 2870051, """"perimeter_left_px"""": 5639.770222187042, """"perimeter_right_px"""": 5887.274836301804, """"crop_x0"""": 202, """"crop_y0"""": 253, """"crop_x1"""": 3510, """"crop_y1"""": 2654, """"pad"""": 50}, """"midline_params_orig"""": {""""midline_pts"""": """"[[1806.0, 348.0], [1823.0, 724.0], [1826.0, 905.0], [1841.0, 1113.0], [1844.0, 1237.0], [1871.0, 1904.0], [1880.0, 2034.0], [1883.0, 2109.0], [1892.0, 2195.0], [1903.0, 2307.0], [1900.0, 2455.0]]"""", """"area_left_px"""": 2861562, """"area_right_px"""": 2870051, """"perimeter_left_px"""": 5639.770222187042, """"perimeter_right_px"""": 5887.274836301804, """"crop_x0"""": 202, """"crop_y0"""": 253, """"crop_x1"""": 3510, """"crop_y1"""": 2654, """"pad"""": 50, """"crop_x0_orig"""": 404, """"crop_y0_orig"""": 506, """"crop_x1_orig"""": 7019, """"crop_y1_orig"""": 5309}, """"roi_ds"""": [938, 700, 2706, 1294], """"roi_orig"""": [1876, 1400, 5411, 2588], """"params"""": {""""t1"""": 0.33, """"t2"""": 0.66, """"x0"""": 938, """"y0"""": 700, """"x1"""": 2706, """"y1"""": 1294, """"small_to_gray"""": true, """"small_N"""": 900, """"grid_on"""": true, """"grid_step"""": 200}}"""
"D:\data\input\TB_P28\Males\W07\TileScan 012_W07_3.tif,ok,,,,170,11,5,15,1.0,5872573,11645.243104577065,True,""{""""accepted"""": true, """"thr"""": 170, """"close"""": 11, """"open"""": 5, """"smooth"""": 15, """"scale"""": 1.0, """"area_px"""": 5872573, """"perim_px"""": 11645.243104577065, """"non_complete_contour"""": false}"",,,,,,,,,,,,861104,4944.660153627396,798972,4654.736273646355,,0.33,0.66,True,900,True,200,909,678,2788,1294,""{""""t1"""": 0.33, """"t2"""": 0.66, """"x0"""": 909, """"y0"""": 678, """"x1"""": 2788, """"y1"""": 1294, """"small_to_gray"""": true, """"small_N"""": 900, """"grid_on"""": true, """"grid_step"""": 200}"",""{""""overlay_path"""": """"D:\\data\\output\\TileScan 012_W07_3__hippocampus_overlay.png"""", """"brain_outline_path"""": """"D:\\data\\output\\TileScan 012_W07_3__brain_outline.png"""", """"brain_outline_params"""": {""""accepted"""": true, """"thr"""": 170, """"close"""": 11, """"open"""": 5, """"smooth"""": 15, """"scale"""": 1.0, """"area_px"""": 5872573, """"perim_px"""": 11645.243104577065, """"non_complete_contour"""": false}, """"brain_mask_params"""": {""""accepted"""": true, """"thr_base"""": 149, """"thr"""": 149, """"pad"""": 50, """"pad_extra"""": 0, """"pad_effective"""": 50, """"seed_r"""": 40, """"close_r"""": 7, """"open_r"""": 3, """"max_side"""": 700, """"scale"""": 0.19167579408543264, """"area_px"""": 6434300, """"perim_px"""": 12568.802289009094}, """"geometry"""": {""""orig_shape_hw"""": [5502, 7304], """"ds_shape_hw"""": [2751, 3652], """"sx"""": 2.0, """"sy"""": 2.0, """"roi_ds"""": [909, 678, 2788, 1294], """"roi_orig"""": [1818, 1356, 5576, 2588], """"downsample_factor"""": 2.0}, """"midline_params_ds"""": {""""midline_pts"""": """"[[1852.0, 332.0], [1849.0, 394.0], [1855.0, 656.0], [1861.0, 756.0], [1864.0, 1107.0], [1861.0, 1272.0], [1869.0, 1670.0], [1878.0, 1793.0], [1890.0, 1941.0], [1893.0, 2109.0], [1902.0, 2277.0], [1905.0, 2365.0], [1902.0, 2459.0]]"""", """"area_left_px"""": 2943793, """"area_right_px"""": 2917851, """"perimeter_left_px"""": 5811.772310137749, """"perimeter_right_px"""": 6090.992653489113, """"crop_x0"""": 172, """"crop_y0"""": 261, """"crop_x1"""": 3546, """"crop_y1"""": 2648, """"pad"""": 50}, """"midline_params_orig"""": {""""midline_pts"""": """"[[1852.0, 332.0], [1849.0, 394.0], [1855.0, 656.0], [1861.0, 756.0], [1864.0, 1107.0], [1861.0, 1272.0], [1869.0, 1670.0], [1878.0, 1793.0], [1890.0, 1941.0], [1893.0, 2109.0], [1902.0, 2277.0], [1905.0, 2365.0], [1902.0, 2459.0]]"""", """"area_left_px"""": 2943793, """"area_right_px"""": 2917851, """"perimeter_left_px"""": 5811.772310137749, """"perimeter_right_px"""": 6090.992653489113, """"crop_x0"""": 172, """"crop_y0"""": 261, """"crop_x1"""": 3546, """"crop_y1"""": 2648, """"pad"""": 50, """"crop_x0_orig"""": 344, """"crop_y0_orig"""": 522, """"crop_x1_orig"""": 7092, """"crop_y1_orig"""": 5296}, """"roi_ds"""": [909, 678, 2788, 1294], """"roi_orig"""": [1818, 1356, 5576, 2588], """"params"""": {""""t1"""": 0.33, """"t2"""": 0.66, """"x0"""": 909, """"y0"""": 678, """"x1"""": 2788, """"y1"""": 1294, """"small_to_gray"""": true, """"small_N"""": 900, """"grid_on"""": true, """"grid_step"""": 200}}"""
"D:\data\input\TB_P28\Males\W07\TileScan 013_W07_4.tif,ok,,,,170,11,5,15,1.0,5836585,11975.635020852089,True,""{""""accepted"""": true, """"thr"""": 170, """"close"""": 11, """"open"""": 5, """"smooth"""": 15, """"scale"""": 1.0, """"area_px"""": 5836585, """"perim_px"""": 11975.635020852089, """"non_complete_contour"""": false}"",,,,,,,,,,,,924772,5186.584033608437,874100,5017.245940089226,,0.33,0.66,True,900,True,200,881,714,2845,1315,""{""""t1"""": 0.33, """"t2"""": 0.66, """"x0"""": 881, """"y0"""": 714, """"x1"""": 2845, """"y1"""": 1315, """"small_to_gray"""": true, """"small_N"""": 900, """"grid_on"""": true, """"grid_step"""": 200}"",""{""""overlay_path"""": """"D:\\data\\output\\TileScan 013_W07_4__hippocampus_overlay.png"""", """"brain_outline_path"""": """"D:\\data\\output\\TileScan 013_W07_4__brain_outline.png"""", """"brain_outline_params"""": {""""accepted"""": true, """"thr"""": 170, """"close"""": 11, """"open"""": 5, """"smooth"""": 15, """"scale"""": 1.0, """"area_px"""": 5836585, """"perim_px"""": 11975.635020852089, """"non_complete_contour"""": false}, """"brain_mask_params"""": {""""accepted"""": true, """"thr_base"""": 152, """"thr"""": 152, """"pad"""": 50, """"pad_extra"""": 0, """"pad_effective"""": 50, """"seed_r"""": 40, """"close_r"""": 7, """"open_r"""": 3, """"max_side"""": 700, """"scale"""": 0.19167579408543264, """"area_px"""": 6398670, """"perim_px"""": 12701.388075470924}, """"geometry"""": {""""orig_shape_hw"""": [5503, 7304], """"ds_shape_hw"""": [2752, 3652], """"sx"""": 2.0, """"sy"""": 1.9996366279069768, """"roi_ds"""": [881, 714, 2845, 1315], """"roi_orig"""": [1762, 1428, 5690, 2630], """"downsample_factor"""": 2.0}, """"midline_params_ds"""": {""""midline_pts"""": """"[[1882.0, 392.0], [1876.0, 814.0], [1882.0, 1091.0], [1882.0, 1323.0], [1882.0, 1480.0], [1893.0, 1703.0], [1902.0, 1989.0], [1896.0, 2301.0], [1899.0, 2530.0]]"""", """"area_left_px"""": 2922470, """"area_right_px"""": 2903205, """"perimeter_left_px"""": 5975.961127996445, """"perimeter_right_px"""": 6193.129736542702, """"crop_x0"""": 196, """"crop_y0"""": 300, """"crop_x1"""": 3546, """"crop_y1"""": 2708, """"pad"""": 50}, """"midline_params_orig"""": {""""midline_pts"""": """"[[1882.0, 392.0], [1876.0, 814.0], [1882.0, 1091.0], [1882.0, 1323.0], [1882.0, 1480.0], [1893.0, 1703.0], [1902.0, 1989.0], [1896.0, 2301.0], [1899.0, 2530.0]]"""", """"area_left_px"""": 2922470, """"area_right_px"""": 2903205, """"perimeter_left_px"""": 5975.961127996445, """"perimeter_right_px"""": 6193.129736542702, """"crop_x0"""": 196, """"crop_y0"""": 300, """"crop_x1"""": 3546, """"crop_y1"""": 2708, """"pad"""": 50, """"crop_x0_orig"""": 392, """"crop_y0_orig"""": 600, """"crop_x1_orig"""": 7092, """"crop_y1_orig"""": 5415}, """"roi_ds"""": [881, 714, 2845, 1315], """"roi_orig"""": [1762, 1428, 5690, 2630], """"params"""": {""""t1"""": 0.33, """"t2"""": 0.66, """"x0"""": 881, """"y0"""": 714, """"x1"""": 2845, """"y1"""": 1315, """"small_to_gray"""": true, """"small_N"""": 900, """"grid_on"""": true, """"grid_step"""": 200}}"""
"D:\data\input\TB_P28\Males\W07\TileScan 014_W07_5.tif,ok,,,,170,11,5,15,1.0,5857099,13356.381399154663,True,""{""""accepted"""": true, """"thr"""": 170, """"close"""": 11, """"open"""": 5, """"smooth"""": 15, """"scale"""": 1.0, """"area_px"""": 5857099, """"perim_px"""": 13356.381399154663, """"non_complete_contour"""": false}"",,,,,,,,,,,,985736,5468.324148058891,913120,5342.968809604645,,0.33,0.66,True,900,True,200,819,674,2861,1376,""{""""t1"""": 0.33, """"t2"""": 0.66, """"x0"""": 819, """"y0"""": 674, """"x1"""": 2861, """"y1"""": 1376, """"small_to_gray"""": true, """"small_N"""": 900, """"grid_on"""": true, """"grid_step"""": 200}"",""{""""overlay_path"""": """"D:\\data\\output\\TileScan 014_W07_5__hippocampus_overlay.png"""", """"brain_outline_path"""": """"D:\\data\\output\\TileScan 014_W07_5__brain_outline.png"""", """"brain_outline_params"""": {""""accepted"""": true, """"thr"""": 170, """"close"""": 11, """"open"""": 5, """"smooth"""": 15, """"scale"""": 1.0, """"area_px"""": 5857099, """"perim_px"""": 13356.381399154663, """"non_complete_contour"""": false}, """"brain_mask_params"""": {""""accepted"""": true, """"thr_base"""": 151, """"thr"""": 151, """"pad"""": 50, """"pad_extra"""": 0, """"pad_effective"""": 50, """"seed_r"""": 40, """"close_r"""": 7, """"open_r"""": 3, """"max_side"""": 700, """"scale"""": 0.19167579408543264, """"area_px"""": 6463398, """"perim_px"""": 12724.785044074059}, """"geometry"""": {""""orig_shape_hw"""": [5505, 7304], """"ds_shape_hw"""": [2752, 3652], """"sx"""": 2.0, """"sy"""": 2.000363372093023, """"roi_ds"""": [819, 674, 2861, 1376], """"roi_orig"""": [1638, 1348, 5722, 2752], """"downsample_factor"""": 2.0}, """"midline_params_ds"""": {""""midline_pts"""": """"[[1847.0, 355.0], [1853.0, 657.0], [1859.0, 773.0], [1868.0, 1048.0], [1883.0, 1324.0], [1895.0, 1797.0], [1895.0, 1963.0], [1904.0, 2126.0], [1904.0, 2345.0], [1907.0, 2520.0]]"""", """"area_left_px"""": 2935839, """"area_right_px"""": 2907387, """"perimeter_left_px"""": 6456.159174084663, """"perimeter_right_px"""": 7083.7613290548325, """"crop_x0"""": 183, """"crop_y0"""": 287, """"crop_x1"""": 3563, """"crop_y1"""": 2686, """"pad"""": 50}, """"midline_params_orig"""": {""""midline_pts"""": """"[[1847.0, 355.0], [1853.0, 657.0], [1859.0, 773.0], [1868.0, 1048.0], [1883.0, 1324.0], [1895.0, 1797.0], [1895.0, 1963.0], [1904.0, 2126.0], [1904.0, 2345.0], [1907.0, 2520.0]]"""", """"area_left_px"""": 2935839, """"area_right_px"""": 2907387, """"perimeter_left_px"""": 6456.159174084663, """"perimeter_right_px"""": 7083.7613290548325, """"crop_x0"""": 183, """"crop_y0"""": 287, """"crop_x1"""": 3563, """"crop_y1"""": 2686, """"pad"""": 50, """"crop_x0_orig"""": 366, """"crop_y0_orig"""": 574, """"crop_x1_orig"""": 7126, """"crop_y1_orig"""": 5373}, """"roi_ds"""": [819, 674, 2861, 1376], """"roi_orig"""": [1638, 1348, 5722, 2752], """"params"""": {""""t1"""": 0.33, """"t2"""": 0.66, """"x0"""": 819, """"y0"""": 674, """"x1"""": 2861, """"y1"""": 1376, """"small_to_gray"""": true, """"small_N"""": 900, """"grid_on"""": true, """"grid_step"""": 200}}"""
"D:\data\input\TB_P28\Males\X05\TileScan 020_X05_1.tif,ok,,,,170,11,5,15,1.0,5641266,12123.49288547039,True,""{""""accepted"""": true, """"thr"""": 170, """"close"""": 11, """"open"""": 5, """"smooth"""": 15, """"scale"""": 1.0, """"area_px"""": 5641266, """"perim_px"""": 12123.49288547039, """"non_complete_contour"""": false}"",,,,,,,,,,,,557128,3790.9545290470123,575948,3940.746378302574,,0.33,0.66,True,900,True,200,1064,678,2671,1287,""{""""t1"""": 0.33, """"t2"""": 0.66, """"x0"""": 1064, """"y0"""": 678, """"x1"""": 2671, """"y1"""": 1287, """"small_to_gray"""": true, """"small_N"""": 900, """"grid_on"""": true, """"grid_step"""": 200}"",""{""""overlay_path"""": """"D:\\data\\output\\TileScan 020_X05_1__hippocampus_overlay.png"""", """"brain_outline_path"""": """"D:\\data\\output\\TileScan 020_X05_1__brain_outline.png"""", """"brain_outline_params"""": {""""accepted"""": true, """"thr"""": 170, """"close"""": 11, """"open"""": 5, """"smooth"""": 15, """"scale"""": 1.0, """"area_px"""": 5641266, """"perim_px"""": 12123.49288547039, """"non_complete_contour"""": false}, """"brain_mask_params"""": {""""accepted"""": true, """"thr_base"""": 130, """"thr"""": 130, """"pad"""": 50, """"pad_extra"""": 0, """"pad_effective"""": 50, """"seed_r"""": 40, """"close_r"""": 7, """"open_r"""": 3, """"max_side"""": 700, """"scale"""": 0.19157088122605365, """"area_px"""": 6150080, """"perim_px"""": 12328.275377631187}, """"geometry"""": {""""orig_shape_hw"""": [5508, 7308], """"ds_shape_hw"""": [2754, 3654], """"sx"""": 2.0, """"sy"""": 2.0, """"roi_ds"""": [1064, 678, 2671, 1287], """"roi_orig"""": [2128, 1356, 5342, 2574], """"downsample_factor"""": 2.0}, """"midline_params_ds"""": {""""midline_pts"""": """"[[1904.0, 371.0], [1893.0, 823.0], [1875.0, 1034.0], [1861.0, 1257.0], [1855.0, 1541.0], [1829.0, 2051.0], [1785.0, 2471.0]]"""", """"area_left_px"""": 2842099, """"area_right_px"""": 2787297, """"perimeter_left_px"""": 6153.843377828598, """"perimeter_right_px"""": 6248.093158721924, """"crop_x0"""": 207, """"crop_y0"""": 290, """"crop_x1"""": 3492, """"crop_y1"""": 2636, """"pad"""": 50}, """"midline_params_orig"""": {""""midline_pts"""": """"[[1904.0, 371.0], [1893.0, 823.0], [1875.0, 1034.0], [1861.0, 1257.0], [1855.0, 1541.0], [1829.0, 2051.0], [1785.0, 2471.0]]"""", """"area_left_px"""": 2842099, """"area_right_px"""": 2787297, """"perimeter_left_px"""": 6153.843377828598, """"perimeter_right_px"""": 6248.093158721924, """"crop_x0"""": 207, """"crop_y0"""": 290, """"crop_x1"""": 3492, """"crop_y1"""": 2636, """"pad"""": 50, """"crop_x0_orig"""": 414, """"crop_y0_orig"""": 580, """"crop_x1_orig"""": 6984, """"crop_y1_orig"""": 5272}, """"roi_ds"""": [1064, 678, 2671, 1287], """"roi_orig"""": [2128, 1356, 5342, 2574], """"params"""": {""""t1"""": 0.33, """"t2"""": 0.66, """"x0"""": 1064, """"y0"""": 678, """"x1"""": 2671, """"y1"""": 1287, """"small_to_gray"""": true, """"small_N"""": 900, """"grid_on"""": true, """"grid_step"""": 200}}"""
"D:\data\input\TB_P28\Males\X05\TileScan 021_X05_2.tif,ok,,,,170,11,5,15,1.0,5711321,11745.108109474182,True,""{""""accepted"""": true, """"thr"""": 170, """"close"""": 11, """"open"""": 5, """"smooth"""": 15, """"scale"""": 1.0, """"area_px"""": 5711321, """"perim_px"""": 11745.108109474182, """"non_complete_contour"""": false}"",,,,,,,,,,,,711628,4302.670258283615,712344,4426.084471821785,,0.33,0.66,True,900,True,200,1039,596,2784,1238,""{""""t1"""": 0.33, """"t2"""": 0.66, """"x0"""": 1039, """"y0"""": 596, """"x1"""": 2784, """"y1"""": 1238, """"small_to_gray"""": true, """"small_N"""": 900, """"grid_on"""": true, """"grid_step"""": 200}"",""{""""overlay_path"""": """"D:\\data\\output\\TileScan 021_X05_2__hippocampus_overlay.png"""", """"brain_outline_path"""": """"D:\\data\\output\\TileScan 021_X05_2__brain_outline.png"""", """"brain_outline_params"""": {""""accepted"""": true, """"thr"""": 170, """"close"""": 11, """"open"""": 5, """"smooth"""": 15, """"scale"""": 1.0, """"area_px"""": 5711321, """"perim_px"""": 11745.108109474182, """"non_complete_contour"""": false}, """"brain_mask_params"""": {""""accepted"""": true, """"thr_base"""": 171, """"thr"""": 171, """"pad"""": 50, """"pad_extra"""": 0, """"pad_effective"""": 50, """"seed_r"""": 40, """"close_r"""": 7, """"open_r"""": 3, """"max_side"""": 700, """"scale"""": 0.19167579408543264, """"area_px"""": 6322459, """"perim_px"""": 12683.873356699944}, """"geometry"""": {""""orig_shape_hw"""": [5508, 7305], """"ds_shape_hw"""": [2754, 3652], """"sx"""": 2.000273822562979, """"sy"""": 2.0, """"roi_ds"""": [1039, 596, 2784, 1238], """"roi_orig"""": [2078, 1192, 5569, 2476], """"downsample_factor"""": 2.0}, """"midline_params_ds"""": {""""midline_pts"""": """"[[1861.0, 347.0], [1894.0, 713.0], [1900.0, 815.0], [1911.0, 1082.0], [1923.0, 1217.0], [1935.0, 1378.0], [1944.0, 1551.0], [1952.0, 1870.0], [1932.0, 2019.0], [1946.0, 2090.0], [1979.0, 2184.0], [2005.0, 2271.0], [1976.0, 2301.0], [1990.0, 2509.0]]"""", """"area_left_px"""": 2858928, """"area_right_px"""": 2842063, """"perimeter_left_px"""": 5915.328659057617, """"perimeter_right_px"""": 5861.093158721924, """"crop_x0"""": 300, """"crop_y0"""": 250, """"crop_x1"""": 3600, """"crop_y1"""": 2623, """"pad"""": 50}, """"midline_params_orig"""": {""""midline_pts"""": """"[[1861.0, 347.0], [1894.0, 713.0], [1900.0, 815.0], [1911.0, 1082.0], [1923.0, 1217.0], [1935.0, 1378.0], [1944.0, 1551.0], [1952.0, 1870.0], [1932.0, 2019.0], [1946.0, 2090.0], [1979.0, 2184.0], [2005.0, 2271.0], [1976.0, 2301.0], [1990.0, 2509.0]]"""", """"area_left_px"""": 2858928, """"area_right_px"""": 2842063, """"perimeter_left_px"""": 5915.328659057617, """"perimeter_right_px"""": 5861.093158721924, """"crop_x0"""": 300, """"crop_y0"""": 250, """"crop_x1"""": 3600, """"crop_y1"""": 2623, """"pad"""": 50, """"crop_x0_orig"""": 600, """"crop_y0_orig"""": 500, """"crop_x1_orig"""": 7201, """"crop_y1_orig"""": 5246}, """"roi_ds"""": [1039, 596, 2784, 1238], """"roi_orig"""": [2078, 1192, 5569, 2476], """"params"""": {""""t1"""": 0.33, """"t2"""": 0.66, """"x0"""": 1039, """"y0"""": 596, """"x1"""": 2784, """"y1"""": 1238, """"small_to_gray"""": true, """"small_N"""": 900, """"grid_on"""": true, """"grid_step"""": 200}}"""
"D:\data\input\TB_P28\Males\X05\TileScan 022_X05_3.tif,ok,,,,170,11,5,15,1.0,5696421,11895.676651000977,True,""{""""accepted"""": true, """"thr"""": 170, """"close"""": 11, """"open"""": 5, """"smooth"""": 15, """"scale"""": 1.0, """"area_px"""": 5696421, """"perim_px"""": 11895.676651000977, """"non_complete_contour"""": false}"",,,,,,,,,,,,800844,4667.907846570015,805660,4762.3514976501465,,0.359504132231405,0.66,True,900,True,200,1023,589,2891,1194,""{""""t1"""": 0.359504132231405, """"t2"""": 0.66, """"x0"""": 1023, """"y0"""": 589, """"x1"""": 2891, """"y1"""": 1194, """"small_to_gray"""": true, """"small_N"""": 900, """"grid_on"""": true, """"grid_step"""": 200}"",""{""""overlay_path"""": """"D:\\data\\output\\TileScan 022_X05_3__hippocampus_overlay.png"""", """"brain_outline_path"""": """"D:\\data\\output\\TileScan 022_X05_3__brain_outline.png"""", """"brain_outline_params"""": {""""accepted"""": true, """"thr"""": 170, """"close"""": 11, """"open"""": 5, """"smooth"""": 15, """"scale"""": 1.0, """"area_px"""": 5696421, """"perim_px"""": 11895.676651000977, """"non_complete_contour"""": false}, """"brain_mask_params"""": {""""accepted"""": true, """"thr_base"""": 167, """"thr"""": 167, """"pad"""": 50, """"pad_extra"""": 0, """"pad_effective"""": 50, """"seed_r"""": 40, """"close_r"""": 7, """"open_r"""": 3, """"max_side"""": 700, """"scale"""": 0.19157088122605365, """"area_px"""": 6259419, """"perim_px"""": 12589.530210852623}, """"geometry"""": {""""orig_shape_hw"""": [5507, 7307], """"ds_shape_hw"""": [2754, 3654], """"sx"""": 1.9997263273125343, """"sy"""": 1.9996368917937546, """"roi_ds"""": [1023, 589, 2891, 1194], """"roi_orig"""": [2046, 1178, 5781, 2388], """"downsample_factor"""": 2.0}, """"midline_params_ds"""": {""""midline_pts"""": """"[[1909.0, 275.0], [1929.0, 653.0], [1941.0, 827.0], [1938.0, 940.0], [1956.0, 1178.0], [1973.0, 1480.0], [1982.0, 1677.0], [1999.0, 1796.0], [1964.0, 1875.0], [1973.0, 2490.0]]"""", """"area_left_px"""": 2874792, """"area_right_px"""": 2812275, """"perimeter_left_px"""": 5806.086018443108, """"perimeter_right_px"""": 6133.975408554077, """"crop_x0"""": 304, """"crop_y0"""": 226, """"crop_x1"""": 3624, """"crop_y1"""": 2577, """"pad"""": 50}, """"midline_params_orig"""": {""""midline_pts"""": """"[[1909.0, 275.0], [1929.0, 653.0], [1941.0, 827.0], [1938.0, 940.0], [1956.0, 1178.0], [1973.0, 1480.0], [1982.0, 1677.0], [1999.0, 1796.0], [1964.0, 1875.0], [1973.0, 2490.0]]"""", """"area_left_px"""": 2874792, """"area_right_px"""": 2812275, """"perimeter_left_px"""": 5806.086018443108, """"perimeter_right_px"""": 6133.975408554077, """"crop_x0"""": 304, """"crop_y0"""": 226, """"crop_x1"""": 3624, """"crop_y1"""": 2577, """"pad"""": 50, """"crop_x0_orig"""": 608, """"crop_y0_orig"""": 452, """"crop_x1_orig"""": 7247, """"crop_y1_orig"""": 5153}, """"roi_ds"""": [1023, 589, 2891, 1194], """"roi_orig"""": [2046, 1178, 5781, 2388], """"params"""": {""""t1"""": 0.359504132231405, """"t2"""": 0.66, """"x0"""": 1023, """"y0"""": 589, """"x1"""": 2891, """"y1"""": 1194, """"small_to_gray"""": true, """"small_N"""": 900, """"grid_on"""": true, """"grid_step"""": 200}}"""
"D:\data\input\TB_P28\Males\X05\TileScan 023_X05_4.tif,ok,,,,170,11,5,15,1.0,5706106,18442.389209628105,True,""{""""accepted"""": true, """"thr"""": 170, """"close"""": 11, """"open"""": 5, """"smooth"""": 15, """"scale"""": 1.0, """"area_px"""": 5706106, """"perim_px"""": 18442.389209628105, """"non_complete_contour"""": false}"",,,,,,,,,,,,895928,5173.547455787659,877952,5185.530210852623,,0.33,0.66,True,900,True,200,888,629,2982,1290,""{""""t1"""": 0.33, """"t2"""": 0.66, """"x0"""": 888, """"y0"""": 629, """"x1"""": 2982, """"y1"""": 1290, """"small_to_gray"""": true, """"small_N"""": 900, """"grid_on"""": true, """"grid_step"""": 200}"",""{""""overlay_path"""": """"D:\\data\\output\\TileScan 023_X05_4__hippocampus_overlay.png"""", """"brain_outline_path"""": """"D:\\data\\output\\TileScan 023_X05_4__brain_outline.png"""", """"brain_outline_params"""": {""""accepted"""": true, """"thr"""": 170, """"close"""": 11, """"open"""": 5, """"smooth"""": 15, """"scale"""": 1.0, """"area_px"""": 5706106, """"perim_px"""": 18442.389209628105, """"non_complete_contour"""": false}, """"brain_mask_params"""": {""""accepted"""": true, """"thr_base"""": 165, """"thr"""": 165, """"pad"""": 50, """"pad_extra"""": 0, """"pad_effective"""": 50, """"seed_r"""": 40, """"close_r"""": 7, """"open_r"""": 3, """"max_side"""": 700, """"scale"""": 0.1917282936181868, """"area_px"""": 6407765, """"perim_px"""": 12941.044929623604}, """"geometry"""": {""""orig_shape_hw"""": [5506, 7302], """"ds_shape_hw"""": [2753, 3651], """"sx"""": 2.0, """"sy"""": 2.0, """"roi_ds"""": [888, 629, 2982, 1290], """"roi_orig"""": [1776, 1258, 5964, 2580], """"downsample_factor"""": 2.0}, """"midline_params_ds"""": {""""midline_pts"""": """"[[1968.0, 364.0], [1971.0, 413.0], [1962.0, 731.0], [1954.0, 893.0], [1951.0, 1000.0], [1945.0, 1095.0], [1925.0, 1271.0], [1925.0, 1505.0], [1919.0, 1800.0], [1910.0, 2000.0], [1890.0, 2089.0], [1881.0, 2283.0], [1884.0, 2387.0], [1890.0, 2482.0], [1890.0, 2537.0]]"""", """"area_left_px"""": 2735768, """"area_right_px"""": 2805566, """"perimeter_left_px"""": 8266.81427538395, """"perimeter_right_px"""": 10824.518147110939, """"crop_x0"""": 237, """"crop_y0"""": 280, """"crop_x1"""": 3633, """"crop_y1"""": 2621, """"pad"""": 50}, """"midline_params_orig"""": {""""midline_pts"""": """"[[1968.0, 364.0], [1971.0, 413.0], [1962.0, 731.0], [1954.0, 893.0], [1951.0, 1000.0], [1945.0, 1095.0], [1925.0, 1271.0], [1925.0, 1505.0], [1919.0, 1800.0], [1910.0, 2000.0], [1890.0, 2089.0], [1881.0, 2283.0], [1884.0, 2387.0], [1890.0, 2482.0], [1890.0, 2537.0]]"""", """"area_left_px"""": 2735768, """"area_right_px"""": 2805566, """"perimeter_left_px"""": 8266.81427538395, """"perimeter_right_px"""": 10824.518147110939, """"crop_x0"""": 237, """"crop_y0"""": 280, """"crop_x1"""": 3633, """"crop_y1"""": 2621, """"pad"""": 50, """"crop_x0_orig"""": 474, """"crop_y0_orig"""": 560, """"crop_x1_orig"""": 7266, """"crop_y1_orig"""": 5242}, """"roi_ds"""": [888, 629, 2982, 1290], """"roi_orig"""": [1776, 1258, 5964, 2580], """"params"""": {""""t1"""": 0.33, """"t2"""": 0.66, """"x0"""": 888, """"y0"""": 629, """"x1"""": 2982, """"y1"""": 1290, """"small_to_gray"""": true, """"small_N"""": 900, """"grid_on"""": true, """"grid_step"""": 200}}"""
"D:\data\input\TB_P28\Males\X05\TileScan 024_X05_5.tif,error,""AttributeError(""""'NoneType' object has no attribute 'items'"""")"",AttributeError,""for k, v in mp.items(): | AttributeError: 'NoneType' object has no attribute 'items'"",,,,,,,,,,,,,,,,,,,,,,,,,,,,,,,,,,,,,"
"D:\data\input\TB_P28\Males\X05\TileScan 024_X05_5.tif,ok,,,,170,11,5,15,1.0,5541041,18897.34549152851,True,""{""""accepted"""": true, """"thr"""": 170, """"close"""": 11, """"open"""": 5, """"smooth"""": 15, """"scale"""": 1.0, """"area_px"""": 5541041, """"perim_px"""": 18897.34549152851, """"non_complete_contour"""": false}"",,,,,,,,,,,,961924,5479.270325303078,945540,5475.738361597061,,0.2966101694915254,0.690677966101695,True,900,True,200,892,677,3054,1338,""{""""t1"""": 0.2966101694915254, """"t2"""": 0.690677966101695, """"x0"""": 892, """"y0"""": 677, """"x1"""": 3054, """"y1"""": 1338, """"small_to_gray"""": true, """"small_N"""": 900, """"grid_on"""": true, """"grid_step"""": 200}"",""{""""overlay_path"""": """"D:\\data\\output\\TileScan 024_X05_5__hippocampus_overlay.png"""", """"brain_outline_path"""": """"D:\\data\\output\\TileScan 024_X05_5__brain_outline.png"""", """"brain_outline_params"""": {""""accepted"""": true, """"thr"""": 170, """"close"""": 11, """"open"""": 5, """"smooth"""": 15, """"scale"""": 1.0, """"area_px"""": 5541041, """"perim_px"""": 18897.34549152851, """"non_complete_contour"""": false}, """"brain_mask_params"""": {""""accepted"""": true, """"thr_base"""": 175, """"thr"""": 175, """"pad"""": 50, """"pad_extra"""": 0, """"pad_effective"""": 50, """"seed_r"""": 40, """"close_r"""": 7, """"open_r"""": 3, """"max_side"""": 700, """"scale"""": 0.1917808219178082, """"area_px"""": 6312656, """"perim_px"""": 12374.375882863998}, """"geometry"""": {""""orig_shape_hw"""": [5497, 7300], """"ds_shape_hw"""": [2748, 3650], """"sx"""": 2.0, """"sy"""": 2.0003639010189227, """"roi_ds"""": [892, 677, 3054, 1338], """"roi_orig"""": [1784, 1354, 6108, 2676], """"downsample_factor"""": 2.0}, """"midline_params_ds"""": {""""midline_pts"""": """"[[2044.0, 343.0], [2023.0, 599.0], [2018.0, 776.0], [2006.0, 950.0], [1997.0, 1068.0], [1965.0, 1347.0], [1944.0, 1769.0], [1935.0, 1878.0], [1935.0, 1972.0], [1929.0, 2096.0], [1917.0, 2305.0], [1909.0, 2490.0]]"""", """"area_left_px"""": 2840426, """"area_right_px"""": 2560192, """"perimeter_left_px"""": 11127.589214801788, """"perimeter_right_px"""": 8247.059880375862, """"crop_x0"""": 259, """"crop_y0"""": 284, """"crop_x1"""": 3634, """"crop_y1"""": 2670, """"pad"""": 50}, """"midline_params_orig"""": {""""midline_pts"""": """"[[2044.0, 343.0], [2023.0, 599.0], [2018.0, 776.0], [2006.0, 950.0], [1997.0, 1068.0], [1965.0, 1347.0], [1944.0, 1769.0], [1935.0, 1878.0], [1935.0, 1972.0], [1929.0, 2096.0], [1917.0, 2305.0], [1909.0, 2490.0]]"""", """"area_left_px"""": 2840426, """"area_right_px"""": 2560192, """"perimeter_left_px"""": 11127.589214801788, """"perimeter_right_px"""": 8247.059880375862, """"crop_x0"""": 259, """"crop_y0"""": 284, """"crop_x1"""": 3634, """"crop_y1"""": 2670, """"pad"""": 50, """"crop_x0_orig"""": 518, """"crop_y0_orig"""": 568, """"crop_x1_orig"""": 7268, """"crop_y1_orig"""": 5341}, """"roi_ds"""": [892, 677, 3054, 1338], """"roi_orig"""": [1784, 1354, 6108, 2676], """"params"""": {""""t1"""": 0.2966101694915254, """"t2"""": 0.690677966101695, """"x0"""": 892, """"y0"""": 677, """"x1"""": 3054, """"y1"""": 1338, """"small_to_gray"""": true, """"small_N"""": 900, """"grid_on"""": true, """"grid_step"""": 200}}"""
"D:\data\input\TB_P28\Males\Y05\TileScan 006_Y05_1.tif,ok,,,,201,11,5,19,1.0,5537433,12229.600530982018,True,""{""""accepted"""": true, """"thr"""": 201, """"close"""": 11, """"open"""": 5, """"smooth"""": 19, """"scale"""": 1.0, """"area_px"""": 5537433, """"perim_px"""": 12229.600530982018, """"non_complete_contour"""": false}"",,,,,,,,,,,,630052,3990.1677321195602,530444,3750.285482287407,,0.33,0.66,True,900,True,200,1157,763,2728,1295,""{""""t1"""": 0.33, """"t2"""": 0.66, """"x0"""": 1157, """"y0"""": 763, """"x1"""": 2728, """"y1"""": 1295, """"small_to_gray"""": true, """"small_N"""": 900, """"grid_on"""": true, """"grid_step"""": 200}"",""{""""overlay_path"""": """"D:\\data\\output\\TileScan 006_Y05_1__hippocampus_overlay.png"""", """"brain_outline_path"""": """"D:\\data\\output\\TileScan 006_Y05_1__brain_outline.png"""", """"brain_outline_params"""": {""""accepted"""": true, """"thr"""": 201, """"close"""": 11, """"open"""": 5, """"smooth"""": 19, """"scale"""": 1.0, """"area_px"""": 5537433, """"perim_px"""": 12229.600530982018, """"non_complete_contour"""": false}, """"brain_mask_params"""": {""""accepted"""": true, """"thr_base"""": 191, """"thr"""": 191, """"pad"""": 50, """"pad_extra"""": 0, """"pad_effective"""": 50, """"seed_r"""": 40, """"close_r"""": 7, """"open_r"""": 3, """"max_side"""": 700, """"scale"""": 0.19157088122605365, """"area_px"""": 6054294, """"perim_px"""": 12347.103804707527}, """"geometry"""": {""""orig_shape_hw"""": [5505, 7309], """"ds_shape_hw"""": [2752, 3654], """"sx"""": 2.0002736726874657, """"sy"""": 2.000363372093023, """"roi_ds"""": [1157, 763, 2728, 1295], """"roi_orig"""": [2314, 1526, 5457, 2590], """"downsample_factor"""": 2.0}, """"midline_params_ds"""": {""""midline_pts"""": """"[[1975.0, 405.0], [1978.0, 738.0], [1970.0, 846.0], [1967.0, 1070.0], [1973.0, 1304.0], [1961.0, 1421.0], [1944.0, 1557.0], [1933.0, 1745.0], [1936.0, 1901.0], [1930.0, 2007.0], [1930.0, 2129.0], [1933.0, 2263.0], [1938.0, 2462.0]]"""", """"area_left_px"""": 1, """"area_right_px"""": 2734784, """"perimeter_left_px"""": 6899.315590023994, """"perimeter_right_px"""": 6562.078001737595, """"crop_x0"""": 305, """"crop_y0"""": 305, """"crop_x1"""": 3602, """"crop_y1"""": 2610, """"pad"""": 50}, """"midline_params_orig"""": {""""midline_pts"""": """"[[1975.0, 405.0], [1978.0, 738.0], [1970.0, 846.0], [1967.0, 1070.0], [1973.0, 1304.0], [1961.0, 1421.0], [1944.0, 1557.0], [1933.0, 1745.0], [1936.0, 1901.0], [1930.0, 2007.0], [1930.0, 2129.0], [1933.0, 2263.0], [1938.0, 2462.0]]"""", """"area_left_px"""": 1, """"area_right_px"""": 2734784, """"perimeter_left_px"""": 6899.315590023994, """"perimeter_right_px"""": 6562.078001737595, """"crop_x0"""": 305, """"crop_y0"""": 305, """"crop_x1"""": 3602, """"crop_y1"""": 2610, """"pad"""": 50, """"crop_x0_orig"""": 610, """"crop_y0_orig"""": 610, """"crop_x1_orig"""": 7205, """"crop_y1_orig"""": 5221}, """"roi_ds"""": [1157, 763, 2728, 1295], """"roi_orig"""": [2314, 1526, 5457, 2590], """"params"""": {""""t1"""": 0.33, """"t2"""": 0.66, """"x0"""": 1157, """"y0"""": 763, """"x1"""": 2728, """"y1"""": 1295, """"small_to_gray"""": true, """"small_N"""": 900, """"grid_on"""": true, """"grid_step"""": 200}}"""
D:\data\input\TB_P28\Males\Y05\TileScan 007_Y05_2.tif,skipped,,,,,,,,,,,,,,,,,,,,,,,,,,,,,,,,,,,,,,,,
D:\data\input\TB_P28\Males\Y05\TileScan 008_Y05_3.tif,skipped,,,,,,,,,,,,,,,,,,,,,,,,,,,,,,,,,,,,,,,,
D:\data\input\TB_P28\Males\Y05\TileScan 009_Y05_4.tif,skipped,,,,,,,,,,,,,,,,,,,,,,,,,,,,,,,,,,,,,,,,
D:\data\input\TB_P28\Males\Y05\TileScan 010_Y05_5.tif,skipped,,,,,,,,,,,,,,,,,,,,,,,,,,,,,,,,,,,,,,,,
"D:\data\input\TB_P28\Males\Y05\TileScan 007_Y05_2.tif,ok,,,,212,11,5,15,1.0,5459403,11636.43192243576,True,""{""""accepted"""": true, """"thr"""": 212, """"close"""": 11, """"open"""": 5, """"smooth"""": 15, """"scale"""": 1.0, """"area_px"""": 5459403, """"perim_px"""": 11636.43192243576, """"non_complete_contour"""": false}"",,,,,,,,,,,,718660,4345.682450890541,633996,4054.871268749237,,0.33,0.66,True,900,True,200,999,780,2705,1288,""{""""t1"""": 0.33, """"t2"""": 0.66, """"x0"""": 999, """"y0"""": 780, """"x1"""": 2705, """"y1"""": 1288, """"small_to_gray"""": true, """"small_N"""": 900, """"grid_on"""": true, """"grid_step"""": 200}"",""{""""overlay_path"""": """"D:\\data\\output\\TileScan 007_Y05_2__hippocampus_overlay.png"""", """"brain_outline_path"""": """"D:\\data\\output\\TileScan 007_Y05_2__brain_outline.png"""", """"brain_outline_params"""": {""""accepted"""": true, """"thr"""": 212, """"close"""": 11, """"open"""": 5, """"smooth"""": 15, """"scale"""": 1.0, """"area_px"""": 5459403, """"perim_px"""": 11636.43192243576, """"non_complete_contour"""": false}, """"brain_mask_params"""": {""""accepted"""": true, """"thr_base"""": 191, """"thr"""": 191, """"pad"""": 50, """"pad_extra"""": 0, """"pad_effective"""": 50, """"seed_r"""": 40, """"close_r"""": 7, """"open_r"""": 3, """"max_side"""": 700, """"scale"""": 0.19146608315098468, """"area_px"""": 5953258, """"perim_px"""": 12373.245940089226}, """"geometry"""": {""""orig_shape_hw"""": [5505, 7312], """"ds_shape_hw"""": [2752, 3656], """"sx"""": 2.0, """"sy"""": 2.000363372093023, """"roi_ds"""": [999, 780, 2705, 1288], """"roi_orig"""": [1998, 1560, 5410, 2576], """"downsample_factor"""": 2.0}, """"midline_params_ds"""": {""""midline_pts"""": """"[[1882.0, 380.0], [1882.0, 567.0], [1885.0, 727.0], [1890.0, 816.0], [1885.0, 930.0], [1893.0, 1019.0], [1899.0, 1139.0], [1893.0, 1302.0], [1893.0, 1445.0], [1896.0, 1654.0], [1890.0, 1904.0], [1893.0, 2090.0], [1899.0, 2256.0], [1902.0, 2436.0]]"""", """"area_left_px"""": 2741219, """"area_right_px"""": 2702489, """"perimeter_left_px"""": 6459.193663954735, """"perimeter_right_px"""": 6103.723539710045, """"crop_x0"""": 267, """"crop_y0"""": 306, """"crop_x1"""": 3519, """"crop_y1"""": 2625, """"pad"""": 50}, """"midline_params_orig"""": {""""midline_pts"""": """"[[1882.0, 380.0], [1882.0, 567.0], [1885.0, 727.0], [1890.0, 816.0], [1885.0, 930.0], [1893.0, 1019.0], [1899.0, 1139.0], [1893.0, 1302.0], [1893.0, 1445.0], [1896.0, 1654.0], [1890.0, 1904.0], [1893.0, 2090.0], [1899.0, 2256.0], [1902.0, 2436.0]]"""", """"area_left_px"""": 2741219, """"area_right_px"""": 2702489, """"perimeter_left_px"""": 6459.193663954735, """"perimeter_right_px"""": 6103.723539710045, """"crop_x0"""": 267, """"crop_y0"""": 306, """"crop_x1"""": 3519, """"crop_y1"""": 2625, """"pad"""": 50, """"crop_x0_orig"""": 534, """"crop_y0_orig"""": 612, """"crop_x1_orig"""": 7038, """"crop_y1_orig"""": 5251}, """"roi_ds"""": [999, 780, 2705, 1288], """"roi_orig"""": [1998, 1560, 5410, 2576], """"params"""": {""""t1"""": 0.33, """"t2"""": 0.66, """"x0"""": 999, """"y0"""": 780, """"x1"""": 2705, """"y1"""": 1288, """"small_to_gray"""": true, """"small_N"""": 900, """"grid_on"""": true, """"grid_step"""": 200}}"""
"D:\data\input\TB_P28\Males\Y05\TileScan 008_Y05_3.tif,error,""AttributeError(""""'NoneType' object has no attribute 'items'"""")"",AttributeError,""for k, v in mp.items(): | AttributeError: 'NoneType' object has no attribute 'items'"",,,,,,,,,,,,,,,,,,,,,,,,,,,,,,,,,,,,,"
"D:\data\input\TB_P28\Males\Y05\TileScan 009_Y05_4.tif,ok,,,,219,11,5,15,1.0,5686601,12453.909186959267,True,""{""""accepted"""": true, """"thr"""": 219, """"close"""": 11, """"open"""": 5, """"smooth"""": 15, """"scale"""": 1.0, """"area_px"""": 5686601, """"perim_px"""": 12453.909186959267, """"non_complete_contour"""": false}"",,,,,,,,,,,,902432,5172.625663757324,823828,4801.848971486092,,0.33,0.66,True,900,True,200,918,654,2818,1210,""{""""t1"""": 0.33, """"t2"""": 0.66, """"x0"""": 918, """"y0"""": 654, """"x1"""": 2818, """"y1"""": 1210, """"small_to_gray"""": true, """"small_N"""": 900, """"grid_on"""": true, """"grid_step"""": 200}"",""{""""overlay_path"""": """"D:\\data\\output\\TileScan 009_Y05_4__hippocampus_overlay.png"""", """"brain_outline_path"""": """"D:\\data\\output\\TileScan 009_Y05_4__brain_outline.png"""", """"brain_outline_params"""": {""""accepted"""": true, """"thr"""": 219, """"close"""": 11, """"open"""": 5, """"smooth"""": 15, """"scale"""": 1.0, """"area_px"""": 5686601, """"perim_px"""": 12453.909186959267, """"non_complete_contour"""": false}, """"brain_mask_params"""": {""""accepted"""": true, """"thr_base"""": 227, """"thr"""": 227, """"pad"""": 50, """"pad_extra"""": 0, """"pad_effective"""": 50, """"seed_r"""": 40, """"close_r"""": 7, """"open_r"""": 3, """"max_side"""": 700, """"scale"""": 0.19157088122605365, """"area_px"""": 6341984, """"perim_px"""": 12093.64796102047}, """"geometry"""": {""""orig_shape_hw"""": [5506, 7307], """"ds_shape_hw"""": [2753, 3654], """"sx"""": 1.9997263273125343, """"sy"""": 2.0, """"roi_ds"""": [918, 654, 2818, 1210], """"roi_orig"""": [1836, 1308, 5635, 2420], """"downsample_factor"""": 2.0}, """"midline_params_ds"""": {""""midline_pts"""": """"[[1849.0, 308.0], [1864.0, 373.0], [1876.0, 540.0], [1894.0, 692.0], [1888.0, 812.0], [1906.0, 940.0], [1900.0, 1018.0], [1906.0, 1245.0], [1909.0, 1534.0], [1942.0, 1868.0], [1963.0, 2065.0], [1987.0, 2247.0], [2008.0, 2450.0]]"""", """"area_left_px"""": 2852739, """"area_right_px"""": 2822728, """"perimeter_left_px"""": 6814.617105722427, """"perimeter_right_px"""": 6037.181471347809, """"crop_x0"""": 265, """"crop_y0"""": 227, """"crop_x1"""": 3580, """"crop_y1"""": 2644, """"pad"""": 50}, """"midline_params_orig"""": {""""midline_pts"""": """"[[1849.0, 308.0], [1864.0, 373.0], [1876.0, 540.0], [1894.0, 692.0], [1888.0, 812.0], [1906.0, 940.0], [1900.0, 1018.0], [1906.0, 1245.0], [1909.0, 1534.0], [1942.0, 1868.0], [1963.0, 2065.0], [1987.0, 2247.0], [2008.0, 2450.0]]"""", """"area_left_px"""": 2852739, """"area_right_px"""": 2822728, """"perimeter_left_px"""": 6814.617105722427, """"perimeter_right_px"""": 6037.181471347809, """"crop_x0"""": 265, """"crop_y0"""": 227, """"crop_x1"""": 3580, """"crop_y1"""": 2644, """"pad"""": 50, """"crop_x0_orig"""": 530, """"crop_y0_orig"""": 454, """"crop_x1_orig"""": 7159, """"crop_y1_orig"""": 5288}, """"roi_ds"""": [918, 654, 2818, 1210], """"roi_orig"""": [1836, 1308, 5635, 2420], """"params"""": {""""t1"""": 0.33, """"t2"""": 0.66, """"x0"""": 918, """"y0"""": 654, """"x1"""": 2818, """"y1"""": 1210, """"small_to_gray"""": true, """"small_N"""": 900, """"grid_on"""": true, """"grid_step"""": 200}}"""
"D:\data\input\TB_P28\Males\Y05\TileScan 010_Y05_5.tif,error,""AttributeError(""""'NoneType' object has no attribute 'items'"""")"",AttributeError,""for k, v in mp.items(): | AttributeError: 'NoneType' object has no attribute 'items'"",,,,,,,,,,,,,,,,,,,,,,,,,,,,,,,,,,,,,"
"D:\data\input\TB_P28\Males\Y05\TileScan 008_Y05_3.tif,ok,,,,164,55,5,15,1.0,5605488,13175.001675486565,True,""{""""accepted"""": true, """"thr"""": 164, """"close"""": 55, """"open"""": 5, """"smooth"""": 15, """"scale"""": 1.0, """"area_px"""": 5605488, """"perim_px"""": 13175.001675486565, """"non_complete_contour"""": false}"",,,,,,,,,,,,819396,4836.961669325829,744760,4410.937284111977,,0.33,0.66,True,900,True,200,991,690,2826,1238,""{""""t1"""": 0.33, """"t2"""": 0.66, """"x0"""": 991, """"y0"""": 690, """"x1"""": 2826, """"y1"""": 1238, """"small_to_gray"""": true, """"small_N"""": 900, """"grid_on"""": true, """"grid_step"""": 200}"",""{""""overlay_path"""": """"D:\\data\\output\\TileScan 008_Y05_3__hippocampus_overlay.png"""", """"brain_outline_path"""": """"D:\\data\\output\\TileScan 008_Y05_3__brain_outline.png"""", """"brain_outline_params"""": {""""accepted"""": true, """"thr"""": 164, """"close"""": 55, """"open"""": 5, """"smooth"""": 15, """"scale"""": 1.0, """"area_px"""": 5605488, """"perim_px"""": 13175.001675486565, """"non_complete_contour"""": false}, """"brain_mask_params"""": {""""accepted"""": true, """"thr_base"""": 225, """"thr"""": 225, """"pad"""": 50, """"pad_extra"""": 0, """"pad_effective"""": 50, """"seed_r"""": 40, """"close_r"""": 7, """"open_r"""": 3, """"max_side"""": 700, """"scale"""": 0.19157088122605365, """"area_px"""": 6255524, """"perim_px"""": 13136.843919157982}, """"geometry"""": {""""orig_shape_hw"""": [5506, 7307], """"ds_shape_hw"""": [2753, 3654], """"sx"""": 1.9997263273125343, """"sy"""": 2.0, """"roi_ds"""": [991, 690, 2826, 1238], """"roi_orig"""": [1982, 1380, 5651, 2476], """"downsample_factor"""": 2.0}, """"midline_params_ds"""": {""""midline_pts"""": """"[[1880.0, 356.0], [1895.0, 664.0], [1903.0, 759.0], [1906.0, 857.0], [1921.0, 964.0], [1915.0, 1249.0], [1933.0, 1389.0], [1933.0, 1575.0], [1942.0, 1896.0], [1951.0, 2065.0], [1969.0, 2222.0], [1939.0, 2359.0], [1936.0, 2430.0]]"""", """"area_left_px"""": 2831988, """"area_right_px"""": 16, """"perimeter_left_px"""": 7271.607001066208, """"perimeter_right_px"""": 6791.759241104126, """"crop_x0"""": 283, """"crop_y0"""": 234, """"crop_x1"""": 3577, """"crop_y1"""": 2638, """"pad"""": 50}, """"midline_params_orig"""": {""""midline_pts"""": """"[[1880.0, 356.0], [1895.0, 664.0], [1903.0, 759.0], [1906.0, 857.0], [1921.0, 964.0], [1915.0, 1249.0], [1933.0, 1389.0], [1933.0, 1575.0], [1942.0, 1896.0], [1951.0, 2065.0], [1969.0, 2222.0], [1939.0, 2359.0], [1936.0, 2430.0]]"""", """"area_left_px"""": 2831988, """"area_right_px"""": 16, """"perimeter_left_px"""": 7271.607001066208, """"perimeter_right_px"""": 6791.759241104126, """"crop_x0"""": 283, """"crop_y0"""": 234, """"crop_x1"""": 3577, """"crop_y1"""": 2638, """"pad"""": 50, """"crop_x0_orig"""": 566, """"crop_y0_orig"""": 468, """"crop_x1_orig"""": 7153, """"crop_y1_orig"""": 5276}, """"roi_ds"""": [991, 690, 2826, 1238], """"roi_orig"""": [1982, 1380, 5651, 2476], """"params"""": {""""t1"""": 0.33, """"t2"""": 0.66, """"x0"""": 991, """"y0"""": 690, """"x1"""": 2826, """"y1"""": 1238, """"small_to_gray"""": true, """"small_N"""": 900, """"grid_on"""": true, """"grid_step"""": 200}}"""
"D:\data\input\TB_P28\Males\Y05\TileScan 010_Y05_5.tif,ok,,,,219,11,5,15,1.0,5801522,14480.277929544449,True,""{""""accepted"""": true, """"thr"""": 219, """"close"""": 11, """"open"""": 5, """"smooth"""": 15, """"scale"""": 1.0, """"area_px"""": 5801522, """"perim_px"""": 14480.277929544449, """"non_complete_contour"""": false}"",,,,,,,,,,,,974936,5419.939372062683,896920,5178.902794241905,,0.33,0.66,True,900,True,200,966,613,2992,1206,""{""""t1"""": 0.33, """"t2"""": 0.66, """"x0"""": 966, """"y0"""": 613, """"x1"""": 2992, """"y1"""": 1206, """"small_to_gray"""": true, """"small_N"""": 900, """"grid_on"""": true, """"grid_step"""": 200}"",""{""""overlay_path"""": """"D:\\data\\output\\TileScan 010_Y05_5__hippocampus_overlay.png"""", """"brain_outline_path"""": """"D:\\data\\output\\TileScan 010_Y05_5__brain_outline.png"""", """"brain_outline_params"""": {""""accepted"""": true, """"thr"""": 219, """"close"""": 11, """"open"""": 5, """"smooth"""": 15, """"scale"""": 1.0, """"area_px"""": 5801522, """"perim_px"""": 14480.277929544449, """"non_complete_contour"""": false}, """"brain_mask_params"""": {""""accepted"""": true, """"thr_base"""": 201, """"thr"""": 201, """"pad"""": 50, """"pad_extra"""": 0, """"pad_effective"""": 50, """"seed_r"""": 40, """"close_r"""": 7, """"open_r"""": 3, """"max_side"""": 700, """"scale"""": 0.19157088122605365, """"area_px"""": 6421076, """"perim_px"""": 13803.554596066475}, """"geometry"""": {""""orig_shape_hw"""": [5503, 7308], """"ds_shape_hw"""": [2752, 3654], """"sx"""": 2.0, """"sy"""": 1.9996366279069768, """"roi_ds"""": [966, 613, 2992, 1206], """"roi_orig"""": [1932, 1226, 5984, 2412], """"downsample_factor"""": 2.0}, """"midline_params_ds"""": {""""midline_pts"""": """"[[2002.0, 233.0], [2011.0, 520.0], [2014.0, 592.0], [2008.0, 691.0], [2002.0, 773.0], [2014.0, 866.0], [1999.0, 1056.0], [2002.0, 1237.0], [1999.0, 1421.0], [2002.0, 1791.0], [1999.0, 1963.0], [2005.0, 2053.0], [2017.0, 2273.0], [1959.0, 2460.0]]"""", """"area_left_px"""": 2922226, """"area_right_px"""": 2785260, """"perimeter_left_px"""": 8688.191911101341, """"perimeter_right_px"""": 6215.03933596611, """"crop_x0"""": 323, """"crop_y0"""": 185, """"crop_x1"""": 3654, """"crop_y1"""": 2626, """"pad"""": 50}, """"midline_params_orig"""": {""""midline_pts"""": """"[[2002.0, 233.0], [2011.0, 520.0], [2014.0, 592.0], [2008.0, 691.0], [2002.0, 773.0], [2014.0, 866.0], [1999.0, 1056.0], [2002.0, 1237.0], [1999.0, 1421.0], [2002.0, 1791.0], [1999.0, 1963.0], [2005.0, 2053.0], [2017.0, 2273.0], [1959.0, 2460.0]]"""", """"area_left_px"""": 2922226, """"area_right_px"""": 2785260, """"perimeter_left_px"""": 8688.191911101341, """"perimeter_right_px"""": 6215.03933596611, """"crop_x0"""": 323, """"crop_y0"""": 185, """"crop_x1"""": 3654, """"crop_y1"""": 2626, """"pad"""": 50, """"crop_x0_orig"""": 646, """"crop_y0_orig"""": 370, """"crop_x1_orig"""": 7308, """"crop_y1_orig"""": 5251}, """"roi_ds"""": [966, 613, 2992, 1206], """"roi_orig"""": [1932, 1226, 5984, 2412], """"params"""": {""""t1"""": 0.33, """"t2"""": 0.66, """"x0"""": 966, """"y0"""": 613, """"x1"""": 2992, """"y1"""": 1206, """"small_to_gray"""": true, """"small_N"""": 900, """"grid_on"""": true, """"grid_step"""": 200}}"""
"D:\data\input\TB_P28\Males\Z03\TileScan 011_Z03_1.tif,ok,,,,170,11,5,15,1.0,5450212,11372.473552584648,True,""{""""accepted"""": true, """"thr"""": 170, """"close"""": 11, """"open"""": 5, """"smooth"""": 15, """"scale"""": 1.0, """"area_px"""": 5450212, """"perim_px"""": 11372.473552584648, """"non_complete_contour"""": false}"",,,,,,,,,,,,436780,3313.4671598672867,526204,3828.1433469057083,,0.33,0.66,True,900,True,200,1105,682,2653,1174,""{""""t1"""": 0.33, """"t2"""": 0.66, """"x0"""": 1105, """"y0"""": 682, """"x1"""": 2653, """"y1"""": 1174, """"small_to_gray"""": true, """"small_N"""": 900, """"grid_on"""": true, """"grid_step"""": 200}"",""{""""overlay_path"""": """"D:\\data\\output\\TileScan 011_Z03_1__hippocampus_overlay.png"""", """"brain_outline_path"""": """"D:\\data\\output\\TileScan 011_Z03_1__brain_outline.png"""", """"brain_outline_params"""": {""""accepted"""": true, """"thr"""": 170, """"close"""": 11, """"open"""": 5, """"smooth"""": 15, """"scale"""": 1.0, """"area_px"""": 5450212, """"perim_px"""": 11372.473552584648, """"non_complete_contour"""": false}, """"brain_mask_params"""": {""""accepted"""": true, """"thr_base"""": 217, """"thr"""": 217, """"pad"""": 50, """"pad_extra"""": 0, """"pad_effective"""": 50, """"seed_r"""": 40, """"close_r"""": 7, """"open_r"""": 3, """"max_side"""": 700, """"scale"""": 0.19146608315098468, """"area_px"""": 6029101, """"perim_px"""": 12086.618523478508}, """"geometry"""": {""""orig_shape_hw"""": [5519, 7312], """"ds_shape_hw"""": [2760, 3656], """"sx"""": 2.0, """"sy"""": 1.9996376811594203, """"roi_ds"""": [1105, 682, 2653, 1174], """"roi_orig"""": [2210, 1364, 5306, 2348], """"downsample_factor"""": 2.0}, """"midline_params_ds"""": {""""midline_pts"""": """"[[1821.0, 318.0], [1832.0, 569.0], [1858.0, 733.0], [1861.0, 981.0], [1870.0, 1185.0], [1888.0, 1369.0], [1899.0, 1544.0], [1920.0, 1914.0], [1937.0, 2127.0], [1926.0, 2337.0], [1931.0, 2416.0]]"""", """"area_left_px"""": 2688373, """"area_right_px"""": 2751538, """"perimeter_left_px"""": 5757.04438829422, """"perimeter_right_px"""": 5615.429164290428, """"crop_x0"""": 289, """"crop_y0"""": 225, """"crop_x1"""": 3527, """"crop_y1"""": 2588, """"pad"""": 50}, """"midline_params_orig"""": {""""midline_pts"""": """"[[1821.0, 318.0], [1832.0, 569.0], [1858.0, 733.0], [1861.0, 981.0], [1870.0, 1185.0], [1888.0, 1369.0], [1899.0, 1544.0], [1920.0, 1914.0], [1937.0, 2127.0], [1926.0, 2337.0], [1931.0, 2416.0]]"""", """"area_left_px"""": 2688373, """"area_right_px"""": 2751538, """"perimeter_left_px"""": 5757.04438829422, """"perimeter_right_px"""": 5615.429164290428, """"crop_x0"""": 289, """"crop_y0"""": 225, """"crop_x1"""": 3527, """"crop_y1"""": 2588, """"pad"""": 50, """"crop_x0_orig"""": 578, """"crop_y0_orig"""": 450, """"crop_x1_orig"""": 7054, """"crop_y1_orig"""": 5175}, """"roi_ds"""": [1105, 682, 2653, 1174], """"roi_orig"""": [2210, 1364, 5306, 2348], """"params"""": {""""t1"""": 0.33, """"t2"""": 0.66, """"x0"""": 1105, """"y0"""": 682, """"x1"""": 2653, """"y1"""": 1174, """"small_to_gray"""": true, """"small_N"""": 900, """"grid_on"""": true, """"grid_step"""": 200}}"""
"D:\data\input\TB_P28\Males\Z03\TileScan 012_Z03_2.tif,ok,,,,170,11,5,15,1.0,5449258,12049.333505153656,True,""{""""accepted"""": true, """"thr"""": 170, """"close"""": 11, """"open"""": 5, """"smooth"""": 15, """"scale"""": 1.0, """"area_px"""": 5449258, """"perim_px"""": 12049.333505153656, """"non_complete_contour"""": false}"",,,,,,,,,,,,537600,3810.8885136842728,643960,4148.042841672897,,0.3181818181818182,0.6942148760330579,True,900,True,200,1101,747,2714,1251,""{""""t1"""": 0.3181818181818182, """"t2"""": 0.6942148760330579, """"x0"""": 1101, """"y0"""": 747, """"x1"""": 2714, """"y1"""": 1251, """"small_to_gray"""": true, """"small_N"""": 900, """"grid_on"""": true, """"grid_step"""": 200}"",""{""""overlay_path"""": """"D:\\data\\output\\TileScan 012_Z03_2__hippocampus_overlay.png"""", """"brain_outline_path"""": """"D:\\data\\output\\TileScan 012_Z03_2__brain_outline.png"""", """"brain_outline_params"""": {""""accepted"""": true, """"thr"""": 170, """"close"""": 11, """"open"""": 5, """"smooth"""": 15, """"scale"""": 1.0, """"area_px"""": 5449258, """"perim_px"""": 12049.333505153656, """"non_complete_contour"""": false}, """"brain_mask_params"""": {""""accepted"""": true, """"thr_base"""": 198, """"thr"""": 198, """"pad"""": 50, """"pad_extra"""": 0, """"pad_effective"""": 50, """"seed_r"""": 40, """"close_r"""": 7, """"open_r"""": 3, """"max_side"""": 700, """"scale"""": 0.19146608315098468, """"area_px"""": 6013076, """"perim_px"""": 12046.920039176941}, """"geometry"""": {""""orig_shape_hw"""": [5523, 7311], """"ds_shape_hw"""": [2762, 3656], """"sx"""": 1.99972647702407, """"sy"""": 1.9996379435191889, """"roi_ds"""": [1101, 747, 2714, 1251], """"roi_orig"""": [2202, 1494, 5427, 2502], """"downsample_factor"""": 2.0}, """"midline_params_ds"""": {""""midline_pts"""": """"[[1895.0, 360.0], [1904.0, 400.0], [1910.0, 697.0], [1921.0, 822.0], [1910.0, 890.0], [1907.0, 1006.0], [1904.0, 1113.0], [1887.0, 1247.0], [1890.0, 1388.0], [1901.0, 1550.0], [1890.0, 1887.0], [1887.0, 2057.0], [1873.0, 2209.0], [1856.0, 2340.0], [1844.0, 2450.0]]"""", """"area_left_px"""": 2679237, """"area_right_px"""": 2758253, """"perimeter_left_px"""": 6471.5683352947235, """"perimeter_right_px"""": 5629.80680000782, """"crop_x0"""": 284, """"crop_y0"""": 278, """"crop_x1"""": 3518, """"crop_y1"""": 2572, """"pad"""": 50}, """"midline_params_orig"""": {""""midline_pts"""": """"[[1895.0, 360.0], [1904.0, 400.0], [1910.0, 697.0], [1921.0, 822.0], [1910.0, 890.0], [1907.0, 1006.0], [1904.0, 1113.0], [1887.0, 1247.0], [1890.0, 1388.0], [1901.0, 1550.0], [1890.0, 1887.0], [1887.0, 2057.0], [1873.0, 2209.0], [1856.0, 2340.0], [1844.0, 2450.0]]"""", """"area_left_px"""": 2679237, """"area_right_px"""": 2758253, """"perimeter_left_px"""": 6471.5683352947235, """"perimeter_right_px"""": 5629.80680000782, """"crop_x0"""": 284, """"crop_y0"""": 278, """"crop_x1"""": 3518, """"crop_y1"""": 2572, """"pad"""": 50, """"crop_x0_orig"""": 568, """"crop_y0_orig"""": 556, """"crop_x1_orig"""": 7035, """"crop_y1_orig"""": 5143}, """"roi_ds"""": [1101, 747, 2714, 1251], """"roi_orig"""": [2202, 1494, 5427, 2502], """"params"""": {""""t1"""": 0.3181818181818182, """"t2"""": 0.6942148760330579, """"x0"""": 1101, """"y0"""": 747, """"x1"""": 2714, """"y1"""": 1251, """"small_to_gray"""": true, """"small_N"""": 900, """"grid_on"""": true, """"grid_step"""": 200}}"""
"D:\data\input\TB_P28\Males\Z03\TileScan 013_Z03_3.tif,ok,,,,170,11,5,15,1.0,5650621,13103.403696417809,True,""{""""accepted"""": true, """"thr"""": 170, """"close"""": 11, """"open"""": 5, """"smooth"""": 15, """"scale"""": 1.0, """"area_px"""": 5650621, """"perim_px"""": 13103.403696417809, """"non_complete_contour"""": false}"",,,,,,,,,,,,665408,5519.738361597061,777328,4811.103804707527,,0.359504132231405,0.66,True,900,True,200,1055,674,2788,1238,""{""""t1"""": 0.359504132231405, """"t2"""": 0.66, """"x0"""": 1055, """"y0"""": 674, """"x1"""": 2788, """"y1"""": 1238, """"small_to_gray"""": true, """"small_N"""": 900, """"grid_on"""": true, """"grid_step"""": 200}"",""{""""overlay_path"""": """"D:\\data\\output\\TileScan 013_Z03_3__hippocampus_overlay.png"""", """"brain_outline_path"""": """"D:\\data\\output\\TileScan 013_Z03_3__brain_outline.png"""", """"brain_outline_params"""": {""""accepted"""": true, """"thr"""": 170, """"close"""": 11, """"open"""": 5, """"smooth"""": 15, """"scale"""": 1.0, """"area_px"""": 5650621, """"perim_px"""": 13103.403696417809, """"non_complete_contour"""": false}, """"brain_mask_params"""": {""""accepted"""": true, """"thr_base"""": 209, """"thr"""": 209, """"pad"""": 50, """"pad_extra"""": 0, """"pad_effective"""": 50, """"seed_r"""": 40, """"close_r"""": 7, """"open_r"""": 3, """"max_side"""": 700, """"scale"""": 0.19167579408543264, """"area_px"""": 6258936, """"perim_px"""": 12361.003299474716}, """"geometry"""": {""""orig_shape_hw"""": [5503, 7305], """"ds_shape_hw"""": [2752, 3652], """"sx"""": 2.000273822562979, """"sy"""": 1.9996366279069768, """"roi_ds"""": [1055, 674, 2788, 1238], """"roi_orig"""": [2110, 1348, 5577, 2476], """"downsample_factor"""": 2.0}, """"midline_params_ds"""": {""""midline_pts"""": """"[[1847.0, 327.0], [1868.0, 630.0], [1877.0, 795.0], [1877.0, 854.0], [1880.0, 936.0], [1868.0, 1078.0], [1868.0, 1231.0], [1871.0, 1378.0], [1877.0, 1851.0], [1874.0, 2134.0], [1865.0, 2299.0], [1853.0, 2375.0], [1856.0, 2493.0]]"""", """"area_left_px"""": 2787729, """"area_right_px"""": 2853118, """"perimeter_left_px"""": 6497.372377157211, """"perimeter_right_px"""": 6896.8252564668655, """"crop_x0"""": 235, """"crop_y0"""": 248, """"crop_x1"""": 3562, """"crop_y1"""": 2631, """"pad"""": 50}, """"midline_params_orig"""": {""""midline_pts"""": """"[[1847.0, 327.0], [1868.0, 630.0], [1877.0, 795.0], [1877.0, 854.0], [1880.0, 936.0], [1868.0, 1078.0], [1868.0, 1231.0], [1871.0, 1378.0], [1877.0, 1851.0], [1874.0, 2134.0], [1865.0, 2299.0], [1853.0, 2375.0], [1856.0, 2493.0]]"""", """"area_left_px"""": 2787729, """"area_right_px"""": 2853118, """"perimeter_left_px"""": 6497.372377157211, """"perimeter_right_px"""": 6896.8252564668655, """"crop_x0"""": 235, """"crop_y0"""": 248, """"crop_x1"""": 3562, """"crop_y1"""": 2631, """"pad"""": 50, """"crop_x0_orig"""": 470, """"crop_y0_orig"""": 496, """"crop_x1_orig"""": 7125, """"crop_y1_orig"""": 5261}, """"roi_ds"""": [1055, 674, 2788, 1238], """"roi_orig"""": [2110, 1348, 5577, 2476], """"params"""": {""""t1"""": 0.359504132231405, """"t2"""": 0.66, """"x0"""": 1055, """"y0"""": 674, """"x1"""": 2788, """"y1"""": 1238, """"small_to_gray"""": true, """"small_N"""": 900, """"grid_on"""": true, """"grid_step"""": 200}}"""
"D:\data\input\TB_P28\Males\Z03\TileScan 014_Z03_4.tif,ok,,,,170,11,5,15,1.0,5660197,12316.068567276001,True,""{""""accepted"""": true, """"thr"""": 170, """"close"""": 11, """"open"""": 5, """"smooth"""": 15, """"scale"""": 1.0, """"area_px"""": 5660197, """"perim_px"""": 12316.068567276001, """"non_complete_contour"""": false}"",,,,,,,,,,,,751324,4684.008351802826,856628,5568.22364282608,,0.33,0.66,True,900,True,200,962,641,2866,1250,""{""""t1"""": 0.33, """"t2"""": 0.66, """"x0"""": 962, """"y0"""": 641, """"x1"""": 2866, """"y1"""": 1250, """"small_to_gray"""": true, """"small_N"""": 900, """"grid_on"""": true, """"grid_step"""": 200}"",""{""""overlay_path"""": """"D:\\data\\output\\TileScan 014_Z03_4__hippocampus_overlay.png"""", """"brain_outline_path"""": """"D:\\data\\output\\TileScan 014_Z03_4__brain_outline.png"""", """"brain_outline_params"""": {""""accepted"""": true, """"thr"""": 170, """"close"""": 11, """"open"""": 5, """"smooth"""": 15, """"scale"""": 1.0, """"area_px"""": 5660197, """"perim_px"""": 12316.068567276001, """"non_complete_contour"""": false}, """"brain_mask_params"""": {""""accepted"""": true, """"thr_base"""": 198, """"thr"""": 198, """"pad"""": 50, """"pad_extra"""": 0, """"pad_effective"""": 50, """"seed_r"""": 40, """"close_r"""": 7, """"open_r"""": 3, """"max_side"""": 700, """"scale"""": 0.19157088122605365, """"area_px"""": 6234550, """"perim_px"""": 12453.103804707527}, """"geometry"""": {""""orig_shape_hw"""": [5503, 7308], """"ds_shape_hw"""": [2752, 3654], """"sx"""": 2.0, """"sy"""": 1.9996366279069768, """"roi_ds"""": [962, 641, 2866, 1250], """"roi_orig"""": [1924, 1282, 5732, 2500], """"downsample_factor"""": 2.0}, """"midline_params_ds"""": {""""midline_pts"""": """"[[1892.0, 335.0], [1889.0, 485.0], [1895.0, 604.0], [1901.0, 780.0], [1895.0, 866.0], [1884.0, 979.0], [1878.0, 1070.0], [1884.0, 1266.0], [1881.0, 1425.0], [1875.0, 1655.0], [1867.0, 1803.0], [1852.0, 1911.0], [1838.0, 2055.0], [1838.0, 2146.0], [1824.0, 2237.0], [1815.0, 2322.0], [1824.0, 2390.0]]"""", """"area_left_px"""": 2777111, """"area_right_px"""": 2870340, """"perimeter_left_px"""": 5754.4758467674255, """"perimeter_right_px"""": 6899.74199616909, """"crop_x0"""": 231, """"crop_y0"""": 258, """"crop_x1"""": 3580, """"crop_y1"""": 2558, """"pad"""": 50}, """"midline_params_orig"""": {""""midline_pts"""": """"[[1892.0, 335.0], [1889.0, 485.0], [1895.0, 604.0], [1901.0, 780.0], [1895.0, 866.0], [1884.0, 979.0], [1878.0, 1070.0], [1884.0, 1266.0], [1881.0, 1425.0], [1875.0, 1655.0], [1867.0, 1803.0], [1852.0, 1911.0], [1838.0, 2055.0], [1838.0, 2146.0], [1824.0, 2237.0], [1815.0, 2322.0], [1824.0, 2390.0]]"""", """"area_left_px"""": 2777111, """"area_right_px"""": 2870340, """"perimeter_left_px"""": 5754.4758467674255, """"perimeter_right_px"""": 6899.74199616909, """"crop_x0"""": 231, """"crop_y0"""": 258, """"crop_x1"""": 3580, """"crop_y1"""": 2558, """"pad"""": 50, """"crop_x0_orig"""": 462, """"crop_y0_orig"""": 516, """"crop_x1_orig"""": 7160, """"crop_y1_orig"""": 5115}, """"roi_ds"""": [962, 641, 2866, 1250], """"roi_orig"""": [1924, 1282, 5732, 2500], """"params"""": {""""t1"""": 0.33, """"t2"""": 0.66, """"x0"""": 962, """"y0"""": 641, """"x1"""": 2866, """"y1"""": 1250, """"small_to_gray"""": true, """"small_N"""": 900, """"grid_on"""": true, """"grid_step"""": 200}}"""
"D:\data\input\TB_P28\Males\Z03\TileScan 015_Z03_5.tif,ok,,,,204,11,5,15,1.0,5640363,12859.597566604614,True,""{""""accepted"""": true, """"thr"""": 204, """"close"""": 11, """"open"""": 5, """"smooth"""": 15, """"scale"""": 1.0, """"area_px"""": 5640363, """"perim_px"""": 12859.597566604614, """"non_complete_contour"""": false}"",,,,,,,,,,,,813764,4934.133242249489,945628,5662.750554203987,,0.33,0.66,True,900,True,200,819,653,2930,1258,""{""""t1"""": 0.33, """"t2"""": 0.66, """"x0"""": 819, """"y0"""": 653, """"x1"""": 2930, """"y1"""": 1258, """"small_to_gray"""": true, """"small_N"""": 900, """"grid_on"""": true, """"grid_step"""": 200}"",""{""""overlay_path"""": """"D:\\data\\output\\TileScan 015_Z03_5__hippocampus_overlay.png"""", """"brain_outline_path"""": """"D:\\data\\output\\TileScan 015_Z03_5__brain_outline.png"""", """"brain_outline_params"""": {""""accepted"""": true, """"thr"""": 204, """"close"""": 11, """"open"""": 5, """"smooth"""": 15, """"scale"""": 1.0, """"area_px"""": 5640363, """"perim_px"""": 12859.597566604614, """"non_complete_contour"""": false}, """"brain_mask_params"""": {""""accepted"""": true, """"thr_base"""": 211, """"thr"""": 211, """"pad"""": 50, """"pad_extra"""": 0, """"pad_effective"""": 50, """"seed_r"""": 40, """"close_r"""": 7, """"open_r"""": 3, """"max_side"""": 700, """"scale"""": 0.19162332329592116, """"area_px"""": 6275746, """"perim_px"""": 14112.365778207779}, """"geometry"""": {""""orig_shape_hw"""": [5501, 7306], """"ds_shape_hw"""": [2750, 3653], """"sx"""": 2.0, """"sy"""": 2.0003636363636366, """"roi_ds"""": [819, 653, 2930, 1258], """"roi_orig"""": [1638, 1306, 5860, 2516], """"downsample_factor"""": 2.0}, """"midline_params_ds"""": {""""midline_pts"""": """"[[1747.0, 242.0], [1791.0, 717.0], [1791.0, 841.0], [1803.0, 974.0], [1803.0, 1033.0], [1809.0, 1281.0], [1821.0, 1529.0], [1836.0, 1748.0], [1839.0, 1848.0], [1853.0, 2028.0], [1865.0, 2164.0], [1874.0, 2214.0], [1896.7496337890625, 2369.956298828125]]"""", """"area_left_px"""": 2750799, """"area_right_px"""": 2877436, """"perimeter_left_px"""": 5910.735732316971, """"perimeter_right_px"""": 7847.410166501999, """"crop_x0"""": 114, """"crop_y0"""": 218, """"crop_x1"""": 3570, """"crop_y1"""": 2610, """"pad"""": 50}, """"midline_params_orig"""": {""""midline_pts"""": """"[[1747.0, 242.0], [1791.0, 717.0], [1791.0, 841.0], [1803.0, 974.0], [1803.0, 1033.0], [1809.0, 1281.0], [1821.0, 1529.0], [1836.0, 1748.0], [1839.0, 1848.0], [1853.0, 2028.0], [1865.0, 2164.0], [1874.0, 2214.0], [1896.7496337890625, 2369.956298828125]]"""", """"area_left_px"""": 2750799, """"area_right_px"""": 2877436, """"perimeter_left_px"""": 5910.735732316971, """"perimeter_right_px"""": 7847.410166501999, """"crop_x0"""": 114, """"crop_y0"""": 218, """"crop_x1"""": 3570, """"crop_y1"""": 2610, """"pad"""": 50, """"crop_x0_orig"""": 228, """"crop_y0_orig"""": 436, """"crop_x1_orig"""": 7140, """"crop_y1_orig"""": 5221}, """"roi_ds"""": [819, 653, 2930, 1258], """"roi_orig"""": [1638, 1306, 5860, 2516], """"params"""": {""""t1"""": 0.33, """"t2"""": 0.66, """"x0"""": 819, """"y0"""": 653, """"x1"""": 2930, """"y1"""": 1258, """"small_to_gray"""": true, """"small_N"""": 900, """"grid_on"""": true, """"grid_step"""": 200}}"""
D:\data\input\TB_P28\Males\K10\TileScan 005_K10_4.tif,skipped,,,,,,,,,,,,,,,,,,,,,,,,,,,,,,,,,,,,,,,,
"D:\data\input\TB_P28\Males\K10\TileScan 002_K10_2.tif,error,""AttributeError(""""'NoneType' object has no attribute 'items'"""")"",AttributeError,""for k, v in mp.items(): | AttributeError: 'NoneType' object has no attribute 'items'"",,,,,,,,,,,,,,,,,,,,,,,,,,,,,,,,,,,,,"
D:\data\input\TB_P28\Males\K10\TileScan 002_K10_2.tif,skipped,,,,,,,,,,,,,,,,,,,,,,,,,,,,,,,,,,,,,,,,
D:\data\input\TB_P28\Males\K10\TileScan 005_K10_4.tif,ok,,,,141,11,5,15,1.0,5325124,11290.015620946884,True,"{""accepted"": true, ""thr"": 141, ""close"": 11, ""open"": 5, ""smooth"": 15, ""scale"": 1.0, ""area_px"": 5325124, ""perim_px"": 11290.015620946884, ""non_complete_contour"": false}",,,,,,,,,,,,802396,5076.157627463341,746800,4726.618523478508,,0.33,0.66,True,900,True,200,870,395,2766,932,"{""t1"": 0.33, ""t2"": 0.66, ""x0"": 870, ""y0"": 395, ""x1"": 2766, ""y1"": 932, ""small_to_gray"": true, ""small_N"": 900, ""grid_on"": true, ""grid_step"": 200}","{""overlay_path"": ""D:\\data\\output\\TileScan 005_K10_4__hippocampus_overlay.png"", ""brain_outline_path"": ""D:\\data\\output\\TileScan 005_K10_4__brain_outline.png"", ""brain_outline_params"": {""accepted"": true, ""thr"": 141, ""close"": 11, ""open"": 5, ""smooth"": 15, ""scale"": 1.0, ""area_px"": 5325124, ""perim_px"": 11290.015620946884, ""non_complete_contour"": false}, ""brain_mask_params"": {""accepted"": true, ""thr_base"": 175, ""thr"": 175, ""pad"": 50, ""pad_extra"": 0, ""pad_effective"": 50, ""seed_r"": 40, ""close_r"": 7, ""open_r"": 3, ""area_px"": 5874392, ""perim_px"": 10386.832731842995}, ""geometry"": {""orig_shape_hw"": [4600, 7322], ""ds_shape_hw"": [2300, 3661], ""sx"": 2.0, ""sy"": 2.0, ""roi_ds"": [870, 395, 2766, 932], ""roi_orig"": [1740, 790, 5532, 1864], ""downsample_factor"": 2.0}, ""midline_params_ds"": {""midline_pts"": ""[[1786.0, 17.0], [1801.0, 375.0], [1806.0, 548.0], [1823.0, 662.0], [1852.0, 965.0], [1877.0, 1300.0], [1897.0, 1457.0], [1928.0, 2101.0], [1940.0, 2186.0]]"", ""area_left_px"": 2607588, ""area_right_px"": 2631333, ""perimeter_left_px"": 7281.234417676926, ""perimeter_right_px"": 6261.874903321266, ""crop_x0"": 256, ""crop_y0"": 0, ""crop_x1"": 3496, ""crop_y1"": 2300, ""pad"": 50}, ""midline_params_orig"": {""midline_pts"": ""[[1786.0, 17.0], [1801.0, 375.0], [1806.0, 548.0], [1823.0, 662.0], [1852.0, 965.0], [1877.0, 1300.0], [1897.0, 1457.0], [1928.0, 2101.0], [1940.0, 2186.0]]"", ""area_left_px"": 2607588, ""area_right_px"": 2631333, ""perimeter_left_px"": 7281.234417676926, ""perimeter_right_px"": 6261.874903321266, ""crop_x0"": 256, ""crop_y0"": 0, ""crop_x1"": 3496, ""crop_y1"": 2300, ""pad"": 50, ""crop_x0_orig"": 512, ""crop_y0_orig"": 0, ""crop_x1_orig"": 6992, ""crop_y1_orig"": 4600}, ""roi_ds"": [870, 395, 2766, 932], ""roi_orig"": [1740, 790, 5532, 1864], ""params"": {""t1"": 0.33, ""t2"": 0.66, ""x0"": 870, ""y0"": 395, ""x1"": 2766, ""y1"": 932, ""small_to_gray"": true, ""small_N"": 900, ""grid_on"": true, ""grid_step"": 200}}"
D:\data\input\TB_P28\Males\K10\TileScan 003_K10_3.tif,ok,,,,151,11,5,3,1.0,5207172,10932.282646775246,True,"{""accepted"": true, ""thr"": 151, ""close"": 11, ""open"": 5, ""smooth"": 3, ""scale"": 1.0, ""area_px"": 5207172, ""perim_px"": 10932.282646775246, ""non_complete_contour"": false}",,,,,,,,,,,,720488,4509.58194565773,668984,4292.9961591959,,0.33,0.66,True,900,True,200,822,456,2664,1001,"{""t1"": 0.33, ""t2"": 0.66, ""x0"": 822, ""y0"": 456, ""x1"": 2664, ""y1"": 1001, ""small_to_gray"": true, ""small_N"": 900, ""grid_on"": true, ""grid_step"": 200}","{""overlay_path"": ""D:\\data\\output\\TileScan 003_K10_3__hippocampus_overlay.png"", ""brain_outline_path"": ""D:\\data\\output\\TileScan 003_K10_3__brain_outline.png"", ""brain_outline_params"": {""accepted"": true, ""thr"": 151, ""close"": 11, ""open"": 5, ""smooth"": 3, ""scale"": 1.0, ""area_px"": 5207172, ""perim_px"": 10932.282646775246, ""non_complete_contour"": false}, ""brain_mask_params"": {""accepted"": true, ""thr_base"": 172, ""thr"": 172, ""pad"": 50, ""pad_extra"": 0, ""pad_effective"": 50, ""seed_r"": 40, ""close_r"": 7, ""open_r"": 3, ""area_px"": 5705869, ""perim_px"": 9954.20827960968}, ""geometry"": {""orig_shape_hw"": [4601, 7322], ""ds_shape_hw"": [2300, 3661], ""sx"": 2.0, ""sy"": 2.0004347826086954, ""roi_ds"": [822, 456, 2664, 1001], ""roi_orig"": [1644, 912, 5328, 2002], ""downsample_factor"": 2.0}, ""midline_params_ds"": {""midline_pts"": ""[[1785.0, 171.0], [1782.0, 458.0], [1769.0, 610.0], [1785.0, 692.0], [1796.0, 784.0], [1801.0, 1060.0], [1807.0, 1977.0], [1807.0, 2210.0]]"", ""area_left_px"": 2574804, ""area_right_px"": 2586368, ""perimeter_left_px"": 5753.027143359184, ""perimeter_right_px"": 5735.755065202713, ""crop_x0"": 228, ""crop_y0"": 103, ""crop_x1"": 3395, ""crop_y1"": 2300, ""pad"": 50}, ""midline_params_orig"": {""midline_pts"": ""[[1785.0, 171.0], [1782.0, 458.0], [1769.0, 610.0], [1785.0, 692.0], [1796.0, 784.0], [1801.0, 1060.0], [1807.0, 1977.0], [1807.0, 2210.0]]"", ""area_left_px"": 2574804, ""area_right_px"": 2586368, ""perimeter_left_px"": 5753.027143359184, ""perimeter_right_px"": 5735.755065202713, ""crop_x0"": 228, ""crop_y0"": 103, ""crop_x1"": 3395, ""crop_y1"": 2300, ""pad"": 50, ""crop_x0_orig"": 456, ""crop_y0_orig"": 206, ""crop_x1_orig"": 6790, ""crop_y1_orig"": 4601}, ""roi_ds"": [822, 456, 2664, 1001], ""roi_orig"": [1644, 912, 5328, 2002], ""params"": {""t1"": 0.33, ""t2"": 0.66, ""x0"": 822, ""y0"": 456, ""x1"": 2664, ""y1"": 1001, ""small_to_gray"": true, ""small_N"": 900, ""grid_on"": true, ""grid_step"": 200}}"
D:\data\input\TB_P28\Males\K11\TileScan 006_K11_1.tif,ok,,,,168,11,5,15,1.0,5300997,11021.263313889503,True,"{""accepted"": true, ""thr"": 168, ""close"": 11, ""open"": 5, ""smooth"": 15, ""scale"": 1.0, ""area_px"": 5300997, ""perim_px"": 11021.263313889503, ""non_complete_contour"": false}",,,,,,,,,,,,603672,4045.5159302949905,610996,4089.6164355278015,,0.33,0.66,True,900,True,200,923,521,2595,1074,"{""t1"": 0.33, ""t2"": 0.66, ""x0"": 923, ""y0"": 521, ""x1"": 2595, ""y1"": 1074, ""small_to_gray"": true, ""small_N"": 900, ""grid_on"": true, ""grid_step"": 200}","{""overlay_path"": ""D:\\data\\output\\TileScan 006_K11_1__hippocampus_overlay.png"", ""brain_outline_path"": ""D:\\data\\output\\TileScan 006_K11_1__brain_outline.png"", ""brain_outline_params"": {""accepted"": true, ""thr"": 168, ""close"": 11, ""open"": 5, ""smooth"": 15, ""scale"": 1.0, ""area_px"": 5300997, ""perim_px"": 11021.263313889503, ""non_complete_contour"": false}, ""brain_mask_params"": {""accepted"": true, ""thr_base"": 172, ""thr"": 172, ""pad"": 50, ""pad_extra"": 0, ""pad_effective"": 50, ""seed_r"": 40, ""close_r"": 7, ""open_r"": 3, ""area_px"": 5840140, ""perim_px"": 10177.833608269691}, ""geometry"": {""orig_shape_hw"": [4624, 7322], ""ds_shape_hw"": [2312, 3661], ""sx"": 2.0, ""sy"": 2.0, ""roi_ds"": [923, 521, 2595, 1074], ""roi_orig"": [1846, 1042, 5190, 2148], ""downsample_factor"": 2.0}, ""midline_params_ds"": {""midline_pts"": ""[[1741.0, 150.0], [1749.0, 482.0], [1752.0, 677.0], [1774.0, 917.0], [1787.0, 1038.0], [1817.0, 1227.0], [1828.0, 1540.0], [1844.0, 1950.0], [1852.0, 2182.0]]"", ""area_left_px"": 2572699, ""area_right_px"": 2693676, ""perimeter_left_px"": 7318.116667509079, ""perimeter_right_px"": 5797.890060305595, ""crop_x0"": 238, ""crop_y0"": 126, ""crop_x1"": 3455, ""crop_y1"": 2312, ""pad"": 50}, ""midline_params_orig"": {""midline_pts"": ""[[1741.0, 150.0], [1749.0, 482.0], [1752.0, 677.0], [1774.0, 917.0], [1787.0, 1038.0], [1817.0, 1227.0], [1828.0, 1540.0], [1844.0, 1950.0], [1852.0, 2182.0]]"", ""area_left_px"": 2572699, ""area_right_px"": 2693676, ""perimeter_left_px"": 7318.116667509079, ""perimeter_right_px"": 5797.890060305595, ""crop_x0"": 238, ""crop_y0"": 126, ""crop_x1"": 3455, ""crop_y1"": 2312, ""pad"": 50, ""crop_x0_orig"": 476, ""crop_y0_orig"": 252, ""crop_x1_orig"": 6910, ""crop_y1_orig"": 4624}, ""roi_ds"": [923, 521, 2595, 1074], ""roi_orig"": [1846, 1042, 5190, 2148], ""params"": {""t1"": 0.33, ""t2"": 0.66, ""x0"": 923, ""y0"": 521, ""x1"": 2595, ""y1"": 1074, ""small_to_gray"": true, ""small_N"": 900, ""grid_on"": true, ""grid_step"": 200}}"
D:\data\input\TB_P28\Males\K11\TileScan 008_K11_3.tif,ok,,,,219,11,5,15,1.0,5573530,11875.468500256538,True,"{""accepted"": true, ""thr"": 219, ""close"": 11, ""open"": 5, ""smooth"": 15, ""scale"": 1.0, ""area_px"": 5573530, ""perim_px"": 11875.468500256538, ""non_complete_contour"": false}",,,,,,,,,,,,780512,4808.861164093018,825132,4922.133242249489,,0.33,0.66,True,900,True,200,954,686,2926,1278,"{""t1"": 0.33, ""t2"": 0.66, ""x0"": 954, ""y0"": 686, ""x1"": 2926, ""y1"": 1278, ""small_to_gray"": true, ""small_N"": 900, ""grid_on"": true, ""grid_step"": 200}","{""overlay_path"": ""D:\\data\\output\\TileScan 008_K11_3__hippocampus_overlay.png"", ""brain_outline_path"": ""D:\\data\\output\\TileScan 008_K11_3__brain_outline.png"", ""brain_outline_params"": {""accepted"": true, ""thr"": 219, ""close"": 11, ""open"": 5, ""smooth"": 15, ""scale"": 1.0, ""area_px"": 5573530, ""perim_px"": 11875.468500256538, ""non_complete_contour"": false}, ""brain_mask_params"": {""accepted"": true, ""thr_base"": 179, ""thr"": 179, ""pad"": 50, ""pad_extra"": 0, ""pad_effective"": 50, ""seed_r"": 40, ""close_r"": 7, ""open_r"": 3, ""area_px"": 6083622, ""perim_px"": 10933.439939141273}, ""geometry"": {""orig_shape_hw"": [5505, 7304], ""ds_shape_hw"": [2752, 3652], ""sx"": 2.0, ""sy"": 2.000363372093023, ""roi_ds"": [954, 686, 2926, 1278], ""roi_orig"": [1908, 1372, 5852, 2556], ""downsample_factor"": 2.0}, ""midline_params_ds"": {""midline_pts"": ""[[1879.0, 378.0], [1882.0, 752.0], [1890.0, 899.0], [1899.0, 1008.0], [1905.0, 1264.0], [1905.0, 1523.0], [1917.0, 1923.0], [1911.0, 2264.0], [1908.0, 2450.0]]"", ""area_left_px"": 2684051, ""area_right_px"": 2847269, ""perimeter_left_px"": 8075.33909881115, ""perimeter_right_px"": 6475.51451253891, ""crop_x0"": 304, ""crop_y0"": 319, ""crop_x1"": 3597, ""crop_y1"": 2703, ""pad"": 50}, ""midline_params_orig"": {""midline_pts"": ""[[1879.0, 378.0], [1882.0, 752.0], [1890.0, 899.0], [1899.0, 1008.0], [1905.0, 1264.0], [1905.0, 1523.0], [1917.0, 1923.0], [1911.0, 2264.0], [1908.0, 2450.0]]"", ""area_left_px"": 2684051, ""area_right_px"": 2847269, ""perimeter_left_px"": 8075.33909881115, ""perimeter_right_px"": 6475.51451253891, ""crop_x0"": 304, ""crop_y0"": 319, ""crop_x1"": 3597, ""crop_y1"": 2703, ""pad"": 50, ""crop_x0_orig"": 608, ""crop_y0_orig"": 638, ""crop_x1_orig"": 7194, ""crop_y1_orig"": 5407}, ""roi_ds"": [954, 686, 2926, 1278], ""roi_orig"": [1908, 1372, 5852, 2556], ""params"": {""t1"": 0.33, ""t2"": 0.66, ""x0"": 954, ""y0"": 686, ""x1"": 2926, ""y1"": 1278, ""small_to_gray"": true, ""small_N"": 900, ""grid_on"": true, ""grid_step"": 200}}"
D:\data\input\TB_P28\Males\K11\TileScan 009_K11_4.tif,ok,,,,227,11,5,33,1.0,5627998,12092.348662137985,True,"{""accepted"": true, ""thr"": 227, ""close"": 11, ""open"": 5, ""smooth"": 33, ""scale"": 1.0, ""area_px"": 5627998, ""perim_px"": 12092.348662137985, ""non_complete_contour"": false}",,,,,,,,,,,,837912,5176.843919157982,887516,5342.483528375626,,0.33,0.66,True,900,True,200,885,613,2891,1324,"{""t1"": 0.33, ""t2"": 0.66, ""x0"": 885, ""y0"": 613, ""x1"": 2891, ""y1"": 1324, ""small_to_gray"": true, ""small_N"": 900, ""grid_on"": true, ""grid_step"": 200}","{""overlay_path"": ""D:\\data\\output\\TileScan 009_K11_4__hippocampus_overlay.png"", ""brain_outline_path"": ""D:\\data\\output\\TileScan 009_K11_4__brain_outline.png"", ""brain_outline_params"": {""accepted"": true, ""thr"": 227, ""close"": 11, ""open"": 5, ""smooth"": 33, ""scale"": 1.0, ""area_px"": 5627998, ""perim_px"": 12092.348662137985, ""non_complete_contour"": false}, ""brain_mask_params"": {""accepted"": true, ""thr_base"": 180, ""thr"": 180, ""pad"": 50, ""pad_extra"": 0, ""pad_effective"": 50, ""seed_r"": 40, ""close_r"": 7, ""open_r"": 3, ""area_px"": 6230692, ""perim_px"": 11125.481569290161}, ""geometry"": {""orig_shape_hw"": [5505, 7309], ""ds_shape_hw"": [2752, 3654], ""sx"": 2.0002736726874657, ""sy"": 2.000363372093023, ""roi_ds"": [885, 613, 2891, 1324], ""roi_orig"": [1770, 1226, 5783, 2648], ""downsample_factor"": 2.0}, ""midline_params_ds"": {""midline_pts"": ""[[1918.0, 336.0], [1882.0, 696.0], [1879.0, 966.0], [1870.0, 1613.0], [1840.0, 1853.0], [1816.0, 2177.0], [1813.0, 2195.0], [1804.0, 2450.0]]"", ""area_left_px"": 2731005, ""area_right_px"": 2849130, ""perimeter_left_px"": 7166.930814027786, ""perimeter_right_px"": 6126.583492279053, ""crop_x0"": 212, ""crop_y0"": 270, ""crop_x1"": 3564, ""crop_y1"": 2699, ""pad"": 50}, ""midline_params_orig"": {""midline_pts"": ""[[1918.0, 336.0], [1882.0, 696.0], [1879.0, 966.0], [1870.0, 1613.0], [1840.0, 1853.0], [1816.0, 2177.0], [1813.0, 2195.0], [1804.0, 2450.0]]"", ""area_left_px"": 2731005, ""area_right_px"": 2849130, ""perimeter_left_px"": 7166.930814027786, ""perimeter_right_px"": 6126.583492279053, ""crop_x0"": 212, ""crop_y0"": 270, ""crop_x1"": 3564, ""crop_y1"": 2699, ""pad"": 50, ""crop_x0_orig"": 424, ""crop_y0_orig"": 540, ""crop_x1_orig"": 7129, ""crop_y1_orig"": 5399}, ""roi_ds"": [885, 613, 2891, 1324], ""roi_orig"": [1770, 1226, 5783, 2648], ""params"": {""t1"": 0.33, ""t2"": 0.66, ""x0"": 885, ""y0"": 613, ""x1"": 2891, ""y1"": 1324, ""small_to_gray"": true, ""small_N"": 900, ""grid_on"": true, ""grid_step"": 200}}"
D:\data\input\TB_P28\Males\K11\TileScan 010_K11_5.tif,ok,,,,227,17,5,5,1.0,5590872,12736.048357963562,True,"{""accepted"": true, ""thr"": 227, ""close"": 17, ""open"": 5, ""smooth"": 5, ""scale"": 1.0, ""area_px"": 5590872, ""perim_px"": 12736.048357963562, ""non_complete_contour"": false}",,,,,,,,,,,,885276,5480.022632360458,954240,5725.679486513138,,0.33,0.66,True,900,True,200,780,719,2931,1376,"{""t1"": 0.33, ""t2"": 0.66, ""x0"": 780, ""y0"": 719, ""x1"": 2931, ""y1"": 1376, ""small_to_gray"": true, ""small_N"": 900, ""grid_on"": true, ""grid_step"": 200}","{""overlay_path"": ""D:\\data\\output\\TileScan 010_K11_5__hippocampus_overlay.png"", ""brain_outline_path"": ""D:\\data\\output\\TileScan 010_K11_5__brain_outline.png"", ""brain_outline_params"": {""accepted"": true, ""thr"": 227, ""close"": 17, ""open"": 5, ""smooth"": 5, ""scale"": 1.0, ""area_px"": 5590872, ""perim_px"": 12736.048357963562, ""non_complete_contour"": false}, ""brain_mask_params"": {""accepted"": true, ""thr_base"": 181, ""thr"": 181, ""pad"": 50, ""pad_extra"": 0, ""pad_effective"": 50, ""seed_r"": 40, ""close_r"": 7, ""open_r"": 3, ""area_px"": 6095624, ""perim_px"": 10906.660282492638}, ""geometry"": {""orig_shape_hw"": [5504, 7308], ""ds_shape_hw"": [2752, 3654], ""sx"": 2.0, ""sy"": 2.0, ""roi_ds"": [780, 719, 2931, 1376], ""roi_orig"": [1560, 1438, 5862, 2752], ""downsample_factor"": 2.0}, ""midline_params_ds"": {""midline_pts"": ""[[1835.0, 390.0], [1829.0, 716.0], [1829.0, 926.0], [1841.0, 1007.0], [1853.0, 1176.0], [1862.0, 1324.0], [1873.0, 1487.0], [1882.0, 1752.0], [1867.0, 2119.0], [1859.0, 2259.0], [1856.0, 2451.0]]"", ""area_left_px"": 2708566, ""area_right_px"": 2830384, ""perimeter_left_px"": 7384.969479799271, ""perimeter_right_px"": 8026.647754788399, ""crop_x0"": 208, ""crop_y0"": 323, ""crop_x1"": 3629, ""crop_y1"": 2681, ""pad"": 50}, ""midline_params_orig"": {""midline_pts"": ""[[1835.0, 390.0], [1829.0, 716.0], [1829.0, 926.0], [1841.0, 1007.0], [1853.0, 1176.0], [1862.0, 1324.0], [1873.0, 1487.0], [1882.0, 1752.0], [1867.0, 2119.0], [1859.0, 2259.0], [1856.0, 2451.0]]"", ""area_left_px"": 2708566, ""area_right_px"": 2830384, ""perimeter_left_px"": 7384.969479799271, ""perimeter_right_px"": 8026.647754788399, ""crop_x0"": 208, ""crop_y0"": 323, ""crop_x1"": 3629, ""crop_y1"": 2681, ""pad"": 50, ""crop_x0_orig"": 416, ""crop_y0_orig"": 646, ""crop_x1_orig"": 7258, ""crop_y1_orig"": 5362}, ""roi_ds"": [780, 719, 2931, 1376], ""roi_orig"": [1560, 1438, 5862, 2752], ""params"": {""t1"": 0.33, ""t2"": 0.66, ""x0"": 780, ""y0"": 719, ""x1"": 2931, ""y1"": 1376, ""small_to_gray"": true, ""small_N"": 900, ""grid_on"": true, ""grid_step"": 200}}"
D:\data\input\TB_P28\Males\M11\TileScan 016_M11_1.tif,ok,,,,134,11,5,15,1.0,5336919,10301.553513407707,True,"{""accepted"": true, ""thr"": 134, ""close"": 11, ""open"": 5, ""smooth"": 15, ""scale"": 1.0, ""area_px"": 5336919, ""perim_px"": 10301.553513407707, ""non_complete_contour"": false}",,,,,,,,,,,,664352,4196.711888432503,578076,3880.4276176691055,,0.33,0.66,True,900,True,200,1065,484,2720,1029,"{""t1"": 0.33, ""t2"": 0.66, ""x0"": 1065, ""y0"": 484, ""x1"": 2720, ""y1"": 1029, ""small_to_gray"": true, ""small_N"": 900, ""grid_on"": true, ""grid_step"": 200}","{""overlay_path"": ""D:\\data\\output\\TileScan 016_M11_1__hippocampus_overlay.png"", ""brain_outline_path"": ""D:\\data\\output\\TileScan 016_M11_1__brain_outline.png"", ""brain_outline_params"": {""accepted"": true, ""thr"": 134, ""close"": 11, ""open"": 5, ""smooth"": 15, ""scale"": 1.0, ""area_px"": 5336919, ""perim_px"": 10301.553513407707, ""non_complete_contour"": false}, ""brain_mask_params"": {""accepted"": true, ""thr_base"": 167, ""thr"": 167, ""pad"": 50, ""pad_extra"": 0, ""pad_effective"": 50, ""seed_r"": 40, ""close_r"": 7, ""open_r"": 3, ""area_px"": 5835009, ""perim_px"": 10043.992988586426}, ""geometry"": {""orig_shape_hw"": [4599, 7318], ""ds_shape_hw"": [2300, 3659], ""sx"": 2.0, ""sy"": 1.9995652173913043, ""roi_ds"": [1065, 484, 2720, 1029], ""roi_orig"": [2130, 968, 5440, 2058], ""downsample_factor"": 2.0}, ""midline_params_ds"": {""midline_pts"": ""[[1927.0, 177.0], [1927.0, 450.0], [1933.0, 596.0], [1933.0, 774.0], [1924.0, 1057.0], [1903.0, 1233.0], [1889.0, 1406.0], [1876.0, 1573.0], [1873.0, 1725.0], [1868.0, 1916.0], [1865.0, 2168.0]]"", ""area_left_px"": 2659842, ""area_right_px"": 2650109, ""perimeter_left_px"": 5125.643243789673, ""perimeter_right_px"": 5184.152910232544, ""crop_x0"": 247, ""crop_y0"": 112, ""crop_x1"": 3531, ""crop_y1"": 2300, ""pad"": 50}, ""midline_params_orig"": {""midline_pts"": ""[[1927.0, 177.0], [1927.0, 450.0], [1933.0, 596.0], [1933.0, 774.0], [1924.0, 1057.0], [1903.0, 1233.0], [1889.0, 1406.0], [1876.0, 1573.0], [1873.0, 1725.0], [1868.0, 1916.0], [1865.0, 2168.0]]"", ""area_left_px"": 2659842, ""area_right_px"": 2650109, ""perimeter_left_px"": 5125.643243789673, ""perimeter_right_px"": 5184.152910232544, ""crop_x0"": 247, ""crop_y0"": 112, ""crop_x1"": 3531, ""crop_y1"": 2300, ""pad"": 50, ""crop_x0_orig"": 494, ""crop_y0_orig"": 224, ""crop_x1_orig"": 7062, ""crop_y1_orig"": 4599}, ""roi_ds"": [1065, 484, 2720, 1029], ""roi_orig"": [2130, 968, 5440, 2058], ""params"": {""t1"": 0.33, ""t2"": 0.66, ""x0"": 1065, ""y0"": 484, ""x1"": 2720, ""y1"": 1029, ""small_to_gray"": true, ""small_N"": 900, ""grid_on"": true, ""grid_step"": 200}}"
D:\data\input\TB_P28\Males\M11\TileScan 019_M11_4.tif,error,"TypeError(""int() argument must be a string, a bytes-like object or a real number, not 'NoneType'"")",TypeError,"vis_bgr[m_bool] = cv2.addWeighted(vis_bgr[m_bool], 1.0 - alpha, green[m_bool], alpha, 0.0) | TypeError: int() argument must be a string, a bytes-like object or a real number, not 'NoneType'",,,,,,,,,,,,,,,,,,,,,,,,,,,,,,,,,,,,,
D:\data\input\TB_P28\Males\M11\TileScan 020_M11_5.tif,ok,,,,153,11,5,15,1.0,5595764,10904.20949113369,True,"{""accepted"": true, ""thr"": 153, ""close"": 11, ""open"": 5, ""smooth"": 15, ""scale"": 1.0, ""area_px"": 5595764, ""perim_px"": 10904.20949113369, ""non_complete_contour"": false}",,,,,,,,,,,,990780,5802.449038505554,914412,5308.341392993927,,0.33,0.66,True,900,True,200,841,751,2949,1295,"{""t1"": 0.33, ""t2"": 0.66, ""x0"": 841, ""y0"": 751, ""x1"": 2949, ""y1"": 1295, ""small_to_gray"": true, ""small_N"": 900, ""grid_on"": true, ""grid_step"": 200}","{""overlay_path"": ""D:\\data\\output\\TileScan 020_M11_5__hippocampus_overlay.png"", ""brain_outline_path"": ""D:\\data\\output\\TileScan 020_M11_5__brain_outline.png"", ""brain_outline_params"": {""accepted"": true, ""thr"": 153, ""close"": 11, ""open"": 5, ""smooth"": 15, ""scale"": 1.0, ""area_px"": 5595764, ""perim_px"": 10904.20949113369, ""non_complete_contour"": false}, ""brain_mask_params"": {""accepted"": true, ""thr_base"": 178, ""thr"": 178, ""pad"": 50, ""pad_extra"": 0, ""pad_effective"": 50, ""seed_r"": 40, ""close_r"": 7, ""open_r"": 3, ""area_px"": 6134609, ""perim_px"": 10428.094705343246}, ""geometry"": {""orig_shape_hw"": [5503, 7312], ""ds_shape_hw"": [2752, 3656], ""sx"": 2.0, ""sy"": 1.9996366279069768, ""roi_ds"": [841, 751, 2949, 1295], ""roi_orig"": [1682, 1502, 5898, 2590], ""downsample_factor"": 2.0}, ""midline_params_ds"": {""midline_pts"": ""[[1918.0, 394.0], [1924.0, 780.0], [1930.0, 950.0], [1938.0, 1091.0], [1932.0, 1355.0], [1906.0, 1770.0], [1892.0, 2176.0], [1886.0, 2475.0]]"", ""area_left_px"": 2739175, ""area_right_px"": 2778867, ""perimeter_left_px"": 5567.439268946648, ""perimeter_right_px"": 5749.689049839973, ""crop_x0"": 223, ""crop_y0"": 328, ""crop_x1"": 3572, ""crop_y1"": 2659, ""pad"": 50}, ""midline_params_orig"": {""midline_pts"": ""[[1918.0, 394.0], [1924.0, 780.0], [1930.0, 950.0], [1938.0, 1091.0], [1932.0, 1355.0], [1906.0, 1770.0], [1892.0, 2176.0], [1886.0, 2475.0]]"", ""area_left_px"": 2739175, ""area_right_px"": 2778867, ""perimeter_left_px"": 5567.439268946648, ""perimeter_right_px"": 5749.689049839973, ""crop_x0"": 223, ""crop_y0"": 328, ""crop_x1"": 3572, ""crop_y1"": 2659, ""pad"": 50, ""crop_x0_orig"": 446, ""crop_y0_orig"": 656, ""crop_x1_orig"": 7144, ""crop_y1_orig"": 5317}, ""roi_ds"": [841, 751, 2949, 1295], ""roi_orig"": [1682, 1502, 5898, 2590], ""params"": {""t1"": 0.33, ""t2"": 0.66, ""x0"": 841, ""y0"": 751, ""x1"": 2949, ""y1"": 1295, ""small_to_gray"": true, ""small_N"": 900, ""grid_on"": true, ""grid_step"": 200}}"
